Baseline_proba,Augmented_proba,Baseline_label,Augmented_label,Baseline_class,Augmented_class
0.46774545,0.48604524,0,0,edible,edible
0.73978406,0.3737526,1,0,poisonous,edible
0.53305894,0.37352487,1,0,poisonous,edible
0.37833107,0.40912265,0,0,edible,edible
0.40944862,0.4450462,0,0,edible,edible
0.5652683,0.47559714,1,0,poisonous,edible
0.15401718,0.28808728,0,0,edible,edible
0.809416,0.39284053,1,0,poisonous,edible
0.67736137,0.37428585,1,0,poisonous,edible
0.442247,0.4446259,0,0,edible,edible
0.65381,0.46213907,1,0,poisonous,edible
0.63073796,0.39434212,1,0,poisonous,edible
0.47940978,0.33812013,0,0,edible,edible
0.3222979,0.35358295,0,0,edible,edible
0.28147584,0.39648968,0,0,edible,edible
0.40875027,0.40621835,0,0,edible,edible
0.16506252,0.52756625,0,1,edible,poisonous
0.34024727,0.39234337,0,0,edible,edible
0.5085611,0.38631362,1,0,poisonous,edible
0.14565256,0.33947435,0,0,edible,edible
0.5210275,0.5380081,1,1,poisonous,poisonous
0.5165037,0.3514768,1,0,poisonous,edible
0.932063,0.41578493,1,0,poisonous,edible
0.43416363,0.3641862,0,0,edible,edible
0.3669332,0.5698331,0,1,edible,poisonous
0.47591773,0.5108058,0,1,edible,poisonous
0.19813281,0.4090913,0,0,edible,edible
0.12637615,0.38675496,0,0,edible,edible
0.76995295,0.37879622,1,0,poisonous,edible
0.06448258,0.48784712,0,0,edible,edible
0.88055027,0.41962087,1,0,poisonous,edible
0.54957676,0.46268633,1,0,poisonous,edible
0.2887048,0.358302,0,0,edible,edible
0.52420604,0.32395172,1,0,poisonous,edible
0.26128253,0.29331213,0,0,edible,edible
0.58778447,0.445835,1,0,poisonous,edible
0.83008015,0.33434528,1,0,poisonous,edible
0.49795184,0.36967573,0,0,edible,edible
0.9618217,0.45135048,1,0,poisonous,edible
0.8071655,0.33011767,1,0,poisonous,edible
0.6341042,0.65424496,1,1,poisonous,poisonous
0.8641553,0.50041205,1,1,poisonous,poisonous
0.70935494,0.4175083,1,0,poisonous,edible
0.6517121,0.3993864,1,0,poisonous,edible
0.112032145,0.5914937,0,1,edible,poisonous
0.73642206,0.40665346,1,0,poisonous,edible
0.33383003,0.47252503,0,0,edible,edible
0.321627,0.43237317,0,0,edible,edible
0.5990815,0.35974622,1,0,poisonous,edible
0.71994233,0.47157753,1,0,poisonous,edible
0.17060661,0.36694717,0,0,edible,edible
0.40594655,0.33729237,0,0,edible,edible
0.3878193,0.39110157,0,0,edible,edible
0.8546117,0.3169888,1,0,poisonous,edible
0.28003708,0.41772518,0,0,edible,edible
0.9608079,0.3206896,1,0,poisonous,edible
0.82238805,0.3678118,1,0,poisonous,edible
0.84966826,0.40238056,1,0,poisonous,edible
0.49828422,0.35366714,0,0,edible,edible
0.68649745,0.4065146,1,0,poisonous,edible
0.14929752,0.41382837,0,0,edible,edible
0.33190218,0.38312963,0,0,edible,edible
0.4151374,0.39312854,0,0,edible,edible
0.31230676,0.3305061,0,0,edible,edible
0.6329001,0.3792305,1,0,poisonous,edible
0.47051454,0.3507281,0,0,edible,edible
0.37152222,0.39673498,0,0,edible,edible
0.4781101,0.39430794,0,0,edible,edible
0.5582035,0.4411629,1,0,poisonous,edible
0.15329039,0.6084617,0,1,edible,poisonous
0.56503177,0.5571954,1,1,poisonous,poisonous
0.31789106,0.43555087,0,0,edible,edible
0.6653364,0.34142596,1,0,poisonous,edible
0.10819271,0.55698913,0,1,edible,poisonous
0.80371815,0.61506885,1,1,poisonous,poisonous
0.63159025,0.4286542,1,0,poisonous,edible
0.17210045,0.3791366,0,0,edible,edible
0.12845808,0.39155796,0,0,edible,edible
0.15988109,0.35805088,0,0,edible,edible
0.3890406,0.39128307,0,0,edible,edible
0.81177485,0.34816548,1,0,poisonous,edible
0.353768,0.3953129,0,0,edible,edible
0.63918704,0.32915872,1,0,poisonous,edible
0.70086205,0.40772468,1,0,poisonous,edible
0.3003941,0.45839608,0,0,edible,edible
0.91290265,0.37846234,1,0,poisonous,edible
0.5935067,0.41683692,1,0,poisonous,edible
0.9383621,0.3483361,1,0,poisonous,edible
0.96949637,0.3341831,1,0,poisonous,edible
0.25021312,0.3334399,0,0,edible,edible
0.56452936,0.42527053,1,0,poisonous,edible
0.71995014,0.457192,1,0,poisonous,edible
0.22587751,0.34722117,0,0,edible,edible
0.71358526,0.3758407,1,0,poisonous,edible
0.7116016,0.3893966,1,0,poisonous,edible
0.88828886,0.5561859,1,1,poisonous,poisonous
0.2367458,0.38005376,0,0,edible,edible
0.16231567,0.35508713,0,0,edible,edible
0.46305817,0.34905216,0,0,edible,edible
0.8405584,0.36711374,1,0,poisonous,edible
0.32534006,0.38382527,0,0,edible,edible
0.68708485,0.43200973,1,0,poisonous,edible
0.892119,0.55633366,1,1,poisonous,poisonous
0.8269787,0.5698045,1,1,poisonous,poisonous
0.72553104,0.3317774,1,0,poisonous,edible
0.467842,0.36670178,0,0,edible,edible
0.46639255,0.36812487,0,0,edible,edible
0.08525586,0.41326317,0,0,edible,edible
0.25636682,0.44183508,0,0,edible,edible
0.43296793,0.38242903,0,0,edible,edible
0.36251867,0.3935349,0,0,edible,edible
0.91876715,0.37087572,1,0,poisonous,edible
0.10855793,0.35576043,0,0,edible,edible
0.9668368,0.443247,1,0,poisonous,edible
0.31117827,0.4520202,0,0,edible,edible
0.22304492,0.6220396,0,1,edible,poisonous
0.25812835,0.42441216,0,0,edible,edible
0.6762648,0.5085151,1,1,poisonous,poisonous
0.3823048,0.41270044,0,0,edible,edible
0.70442784,0.3763677,1,0,poisonous,edible
0.7217026,0.43957618,1,0,poisonous,edible
0.0939652,0.32763457,0,0,edible,edible
0.40201357,0.44071925,0,0,edible,edible
0.17292891,0.3706076,0,0,edible,edible
0.80625075,0.38372272,1,0,poisonous,edible
0.3770126,0.44865042,0,0,edible,edible
0.8799293,0.42054823,1,0,poisonous,edible
0.9690502,0.3895518,1,0,poisonous,edible
0.30211934,0.41334143,0,0,edible,edible
0.22768128,0.42453286,0,0,edible,edible
0.20678861,0.4931383,0,0,edible,edible
0.77434784,0.5054981,1,1,poisonous,poisonous
0.0032149942,0.45655283,0,0,edible,edible
0.93087715,0.37736005,1,0,poisonous,edible
0.30819526,0.37808904,0,0,edible,edible
0.29079083,0.5268174,0,1,edible,poisonous
0.05793062,0.39668718,0,0,edible,edible
0.21776749,0.6475845,0,1,edible,poisonous
0.70379835,0.41307545,1,0,poisonous,edible
0.99402136,0.3026967,1,0,poisonous,edible
0.66628724,0.38489753,1,0,poisonous,edible
0.27832967,0.33496422,0,0,edible,edible
0.23870505,0.5130736,0,1,edible,poisonous
0.71217483,0.35687688,1,0,poisonous,edible
0.4509889,0.4294624,0,0,edible,edible
0.3214549,0.40062088,0,0,edible,edible
0.122323364,0.37740558,0,0,edible,edible
0.7257009,0.3461252,1,0,poisonous,edible
0.66201925,0.4306366,1,0,poisonous,edible
0.89136493,0.5338059,1,1,poisonous,poisonous
0.20552102,0.34204987,0,0,edible,edible
0.09360186,0.43991792,0,0,edible,edible
0.59208745,0.37790862,1,0,poisonous,edible
0.41652775,0.52899635,0,1,edible,poisonous
0.81739366,0.37493837,1,0,poisonous,edible
0.15445265,0.37923917,0,0,edible,edible
0.0666214,0.4251646,0,0,edible,edible
0.5135,0.43949845,1,0,poisonous,edible
0.47375098,0.5406719,0,1,edible,poisonous
0.3191817,0.35307887,0,0,edible,edible
0.15140247,0.34714517,0,0,edible,edible
0.669692,0.28200203,1,0,poisonous,edible
0.18949763,0.36955598,0,0,edible,edible
0.9608594,0.30722734,1,0,poisonous,edible
0.35023534,0.4179889,0,0,edible,edible
0.99439317,0.6022379,1,1,poisonous,poisonous
0.47661155,0.36240572,0,0,edible,edible
0.22266299,0.41999024,0,0,edible,edible
0.31942546,0.60214055,0,1,edible,poisonous
0.40273523,0.3489022,0,0,edible,edible
0.046658717,0.3760912,0,0,edible,edible
0.048819683,0.4775041,0,0,edible,edible
0.99117494,0.38019407,1,0,poisonous,edible
0.5144741,0.3490768,1,0,poisonous,edible
0.54814774,0.48836628,1,0,poisonous,edible
0.32645595,0.3930377,0,0,edible,edible
0.3513552,0.4813345,0,0,edible,edible
0.9061547,0.675911,1,1,poisonous,poisonous
0.9156656,0.36823073,1,0,poisonous,edible
0.31413805,0.36992022,0,0,edible,edible
0.5061257,0.3720579,1,0,poisonous,edible
0.7370543,0.46978047,1,0,poisonous,edible
0.30096707,0.4069731,0,0,edible,edible
0.7885134,0.3359638,1,0,poisonous,edible
0.031271685,0.31838107,0,0,edible,edible
0.14102551,0.36898604,0,0,edible,edible
0.55914676,0.37537128,1,0,poisonous,edible
0.45036417,0.37052462,0,0,edible,edible
0.4149261,0.53975606,0,1,edible,poisonous
0.004716334,0.4754187,0,0,edible,edible
0.37835497,0.3815304,0,0,edible,edible
0.77846533,0.32917,1,0,poisonous,edible
0.7074673,0.38592643,1,0,poisonous,edible
0.46517083,0.6010374,0,1,edible,poisonous
0.91801983,0.3733955,1,0,poisonous,edible
0.6017611,0.40656734,1,0,poisonous,edible
0.23778045,0.37756002,0,0,edible,edible
0.61912733,0.3924902,1,0,poisonous,edible
0.21913363,0.3302349,0,0,edible,edible
0.17902212,0.39234513,0,0,edible,edible
0.71050084,0.44253343,1,0,poisonous,edible
0.15375829,0.34728253,0,0,edible,edible
0.6555007,0.37236828,1,0,poisonous,edible
0.49712345,0.42690578,0,0,edible,edible
0.45414364,0.52251905,0,1,edible,poisonous
0.50677174,0.35821688,1,0,poisonous,edible
0.5751807,0.3824435,1,0,poisonous,edible
0.59216934,0.34551132,1,0,poisonous,edible
0.56031585,0.4693176,1,0,poisonous,edible
0.009788248,0.32860383,0,0,edible,edible
0.11789068,0.3573946,0,0,edible,edible
0.42633834,0.35996997,0,0,edible,edible
0.54902244,0.43726093,1,0,poisonous,edible
0.5585089,0.4131849,1,0,poisonous,edible
0.8437771,0.37551925,1,0,poisonous,edible
0.8953186,0.4992201,1,0,poisonous,edible
0.60377014,0.3881604,1,0,poisonous,edible
0.48257154,0.37346923,0,0,edible,edible
0.19064353,0.30331558,0,0,edible,edible
0.36104134,0.35250401,0,0,edible,edible
0.60965604,0.3723764,1,0,poisonous,edible
0.054673664,0.32055828,0,0,edible,edible
0.07095546,0.3867278,0,0,edible,edible
0.07246406,0.39224127,0,0,edible,edible
0.3933554,0.5306692,0,1,edible,poisonous
0.26668864,0.3399882,0,0,edible,edible
0.35328132,0.34200358,0,0,edible,edible
0.3215431,0.35369357,0,0,edible,edible
0.7197341,0.46330312,1,0,poisonous,edible
0.57455635,0.32167116,1,0,poisonous,edible
0.59407854,0.322038,1,0,poisonous,edible
0.5392382,0.34898767,1,0,poisonous,edible
0.25701582,0.4635486,0,0,edible,edible
0.43768656,0.32884055,0,0,edible,edible
0.59753925,0.4011478,1,0,poisonous,edible
0.34808812,0.53197855,0,1,edible,poisonous
0.5270164,0.5150744,1,1,poisonous,poisonous
0.17123994,0.43602994,0,0,edible,edible
0.35341147,0.43398887,0,0,edible,edible
0.03628665,0.38720572,0,0,edible,edible
0.7712246,0.39774233,1,0,poisonous,edible
0.79842114,0.33358115,1,0,poisonous,edible
0.331117,0.41325128,0,0,edible,edible
0.25890756,0.38273624,0,0,edible,edible
0.38959187,0.37264174,0,0,edible,edible
0.39221102,0.50658655,0,1,edible,poisonous
0.7271147,0.49422592,1,0,poisonous,edible
0.01562974,0.3539765,0,0,edible,edible
0.1140747,0.40265155,0,0,edible,edible
0.5192548,0.41373757,1,0,poisonous,edible
0.36048585,0.34997076,0,0,edible,edible
0.5470625,0.35254267,1,0,poisonous,edible
0.20862521,0.37304738,0,0,edible,edible
0.26803246,0.3315955,0,0,edible,edible
0.49149352,0.3198418,0,0,edible,edible
0.71647966,0.40937495,1,0,poisonous,edible
0.40066272,0.3843738,0,0,edible,edible
0.7029737,0.3340727,1,0,poisonous,edible
0.7084554,0.4110186,1,0,poisonous,edible
0.47077522,0.43496192,0,0,edible,edible
0.15211777,0.36632463,0,0,edible,edible
0.13225192,0.3267146,0,0,edible,edible
0.5978789,0.41159365,1,0,poisonous,edible
0.010295388,0.35622275,0,0,edible,edible
0.34926975,0.32183546,0,0,edible,edible
0.25184342,0.6510242,0,1,edible,poisonous
0.29704913,0.39472863,0,0,edible,edible
0.632126,0.32067198,1,0,poisonous,edible
0.49037236,0.36788666,0,0,edible,edible
0.5352875,0.39117277,1,0,poisonous,edible
0.6120665,0.33115777,1,0,poisonous,edible
0.31789386,0.3363358,0,0,edible,edible
0.3446173,0.33458015,0,0,edible,edible
0.1304779,0.36026967,0,0,edible,edible
0.2604942,0.40172604,0,0,edible,edible
0.7593116,0.3651951,1,0,poisonous,edible
0.55607396,0.34413177,1,0,poisonous,edible
0.7316479,0.40822256,1,0,poisonous,edible
0.675877,0.46828967,1,0,poisonous,edible
0.43776247,0.3220873,0,0,edible,edible
0.5809137,0.5300321,1,1,poisonous,poisonous
0.59940374,0.2893762,1,0,poisonous,edible
0.84663385,0.48340878,1,0,poisonous,edible
0.20832595,0.44634402,0,0,edible,edible
0.7629777,0.36364713,1,0,poisonous,edible
0.8709936,0.4263556,1,0,poisonous,edible
0.2542116,0.40968683,0,0,edible,edible
0.15009741,0.43024656,0,0,edible,edible
0.27270657,0.33830222,0,0,edible,edible
0.40425724,0.42195168,0,0,edible,edible
0.16584252,0.42967576,0,0,edible,edible
0.7238335,0.40922034,1,0,poisonous,edible
0.4272755,0.48466134,0,0,edible,edible
0.335334,0.3490426,0,0,edible,edible
0.9646252,0.32280785,1,0,poisonous,edible
0.91010225,0.3225513,1,0,poisonous,edible
0.6809507,0.36780626,1,0,poisonous,edible
0.1730927,0.30211797,0,0,edible,edible
0.82832384,0.34799224,1,0,poisonous,edible
0.5895828,0.3823821,1,0,poisonous,edible
0.3657485,0.37907177,0,0,edible,edible
0.4311606,0.3725874,0,0,edible,edible
0.5417331,0.3414328,1,0,poisonous,edible
0.08351405,0.36099333,0,0,edible,edible
0.21190362,0.36244896,0,0,edible,edible
0.74770725,0.44352648,1,0,poisonous,edible
0.3652575,0.62748784,0,1,edible,poisonous
0.5344522,0.34046736,1,0,poisonous,edible
0.89616674,0.42954642,1,0,poisonous,edible
0.6887152,0.29373223,1,0,poisonous,edible
0.5061893,0.32383624,1,0,poisonous,edible
0.47820568,0.66928804,0,1,edible,poisonous
0.3454291,0.41698408,0,0,edible,edible
0.34511638,0.3696578,0,0,edible,edible
0.2698708,0.51022696,0,1,edible,poisonous
0.89315856,0.324905,1,0,poisonous,edible
0.37839118,0.44449535,0,0,edible,edible
0.19643703,0.41738713,0,0,edible,edible
0.5203968,0.34469625,1,0,poisonous,edible
0.44560674,0.29603967,0,0,edible,edible
0.24278076,0.51531184,0,1,edible,poisonous
0.45243084,0.44794214,0,0,edible,edible
0.4886716,0.49617326,0,0,edible,edible
0.77049553,0.37944475,1,0,poisonous,edible
0.59045607,0.58962625,1,1,poisonous,poisonous
0.39100873,0.34350345,0,0,edible,edible
0.005570736,0.33588046,0,0,edible,edible
0.38843676,0.33112344,0,0,edible,edible
0.6844091,0.39155182,1,0,poisonous,edible
0.06668688,0.3933563,0,0,edible,edible
0.7344969,0.39497903,1,0,poisonous,edible
0.8059902,0.37645674,1,0,poisonous,edible
0.622279,0.6055915,1,1,poisonous,poisonous
0.84074455,0.40840527,1,0,poisonous,edible
0.80626684,0.36199173,1,0,poisonous,edible
0.21329176,0.45380816,0,0,edible,edible
0.26800126,0.46161255,0,0,edible,edible
0.40668696,0.39877737,0,0,edible,edible
0.20638587,0.37333176,0,0,edible,edible
0.6401426,0.35559723,1,0,poisonous,edible
0.7856145,0.4786585,1,0,poisonous,edible
0.38720712,0.38332894,0,0,edible,edible
0.18013895,0.34941584,0,0,edible,edible
0.5523568,0.35921872,1,0,poisonous,edible
0.40190545,0.3448474,0,0,edible,edible
0.4902512,0.54269785,0,1,edible,poisonous
0.9260605,0.43068695,1,0,poisonous,edible
0.059636503,0.4020874,0,0,edible,edible
0.119726524,0.35258085,0,0,edible,edible
0.96173435,0.4500368,1,0,poisonous,edible
0.9282405,0.41851604,1,0,poisonous,edible
0.4728329,0.41252446,0,0,edible,edible
0.77648985,0.5320802,1,1,poisonous,poisonous
0.6896013,0.51558316,1,1,poisonous,poisonous
0.7296296,0.51016325,1,1,poisonous,poisonous
0.21924815,0.43851754,0,0,edible,edible
0.08397895,0.45922127,0,0,edible,edible
0.5208014,0.40598434,1,0,poisonous,edible
0.29112315,0.4272993,0,0,edible,edible
0.11057989,0.4419916,0,0,edible,edible
0.80325466,0.3519181,1,0,poisonous,edible
0.73352396,0.32463443,1,0,poisonous,edible
0.9215185,0.4397422,1,0,poisonous,edible
0.79854494,0.3988132,1,0,poisonous,edible
0.35744447,0.35957485,0,0,edible,edible
0.62225604,0.523562,1,1,poisonous,poisonous
0.4741164,0.42573804,0,0,edible,edible
0.62988436,0.48511922,1,0,poisonous,edible
0.3434891,0.3824392,0,0,edible,edible
0.50398624,0.49322435,1,0,poisonous,edible
0.5781511,0.41452038,1,0,poisonous,edible
0.23824063,0.45257226,0,0,edible,edible
0.1213344,0.5468694,0,1,edible,poisonous
0.17487535,0.37957695,0,0,edible,edible
0.91831595,0.3855845,1,0,poisonous,edible
0.17903075,0.37007257,0,0,edible,edible
0.2390702,0.34620675,0,0,edible,edible
0.8989708,0.36179882,1,0,poisonous,edible
0.555848,0.34957024,1,0,poisonous,edible
0.39148903,0.42254028,0,0,edible,edible
0.9385214,0.37557727,1,0,poisonous,edible
0.36170292,0.38628107,0,0,edible,edible
0.6200853,0.43882787,1,0,poisonous,edible
0.97992575,0.45854515,1,0,poisonous,edible
0.80129695,0.45338243,1,0,poisonous,edible
0.5696136,0.48890108,1,0,poisonous,edible
0.5851129,0.4517473,1,0,poisonous,edible
0.50258297,0.3395495,1,0,poisonous,edible
0.42069787,0.33193237,0,0,edible,edible
0.46046117,0.39329013,0,0,edible,edible
0.81692487,0.36532047,1,0,poisonous,edible
0.9402074,0.6054383,1,1,poisonous,poisonous
0.617513,0.4859828,1,0,poisonous,edible
0.6654556,0.34537482,1,0,poisonous,edible
0.69122297,0.4314909,1,0,poisonous,edible
0.40683454,0.3380731,0,0,edible,edible
0.60829484,0.39286637,1,0,poisonous,edible
0.36319873,0.31011045,0,0,edible,edible
0.45658323,0.37538123,0,0,edible,edible
0.538403,0.43219396,1,0,poisonous,edible
0.9412652,0.5127323,1,1,poisonous,poisonous
0.38392013,0.39151713,0,0,edible,edible
0.7181908,0.46347728,1,0,poisonous,edible
0.7964494,0.41364703,1,0,poisonous,edible
0.94142586,0.36641517,1,0,poisonous,edible
0.60570264,0.49924937,1,0,poisonous,edible
0.11367147,0.3956953,0,0,edible,edible
0.81910765,0.41371995,1,0,poisonous,edible
0.5577538,0.43363807,1,0,poisonous,edible
0.5319328,0.58334494,1,1,poisonous,poisonous
0.19453934,0.40200138,0,0,edible,edible
0.538277,0.44168735,1,0,poisonous,edible
0.6020929,0.34295925,1,0,poisonous,edible
0.27953187,0.40156582,0,0,edible,edible
0.8349736,0.42913455,1,0,poisonous,edible
0.48659667,0.36394835,0,0,edible,edible
0.77762336,0.32748073,1,0,poisonous,edible
0.3846148,0.39344373,0,0,edible,edible
0.075823314,0.61826605,0,1,edible,poisonous
0.47346616,0.54075044,0,1,edible,poisonous
0.3059769,0.38208935,0,0,edible,edible
0.2968368,0.3940216,0,0,edible,edible
0.37164587,0.31464684,0,0,edible,edible
0.37298638,0.45760304,0,0,edible,edible
0.41179776,0.36582267,0,0,edible,edible
0.6945497,0.36718637,1,0,poisonous,edible
0.30181623,0.59222305,0,1,edible,poisonous
0.022316227,0.3874626,0,0,edible,edible
0.06291082,0.37118766,0,0,edible,edible
0.6612373,0.39521334,1,0,poisonous,edible
0.9209548,0.3907198,1,0,poisonous,edible
0.46053013,0.4077281,0,0,edible,edible
0.58217657,0.3485036,1,0,poisonous,edible
0.35646442,0.38707477,0,0,edible,edible
0.72387385,0.4114299,1,0,poisonous,edible
0.8607086,0.29790798,1,0,poisonous,edible
0.79577076,0.3961403,1,0,poisonous,edible
0.5205728,0.44189087,1,0,poisonous,edible
0.82015336,0.3663594,1,0,poisonous,edible
0.31804058,0.384128,0,0,edible,edible
0.5600038,0.3731256,1,0,poisonous,edible
0.53415453,0.46868372,1,0,poisonous,edible
0.16694903,0.38377813,0,0,edible,edible
0.0022359448,0.3687358,0,0,edible,edible
0.96760195,0.26073432,1,0,poisonous,edible
0.41324657,0.3880904,0,0,edible,edible
0.2065343,0.41418195,0,0,edible,edible
0.9528493,0.3970093,1,0,poisonous,edible
0.7107529,0.35089198,1,0,poisonous,edible
0.28288922,0.3678285,0,0,edible,edible
0.47833654,0.4222785,0,0,edible,edible
0.5270164,0.41293073,1,0,poisonous,edible
0.81949764,0.37186855,1,0,poisonous,edible
0.49695325,0.5441444,0,1,edible,poisonous
0.17986768,0.4106928,0,0,edible,edible
0.6097511,0.41333106,1,0,poisonous,edible
0.52485025,0.4330609,1,0,poisonous,edible
0.53933346,0.5193458,1,1,poisonous,poisonous
0.59511566,0.3524847,1,0,poisonous,edible
0.056050394,0.53992575,0,1,edible,poisonous
0.27392507,0.39290574,0,0,edible,edible
0.23979253,0.4384233,0,0,edible,edible
0.7207001,0.3908236,1,0,poisonous,edible
0.7374235,0.34742272,1,0,poisonous,edible
0.53875136,0.33987296,1,0,poisonous,edible
0.29207328,0.3838877,0,0,edible,edible
0.15200704,0.40163785,0,0,edible,edible
0.13117278,0.38000014,0,0,edible,edible
0.55439013,0.32274103,1,0,poisonous,edible
0.28906533,0.32896072,0,0,edible,edible
0.38801643,0.35668314,0,0,edible,edible
0.46811613,0.3322118,0,0,edible,edible
0.38983637,0.41190183,0,0,edible,edible
0.4386905,0.39762598,0,0,edible,edible
0.941453,0.37480962,1,0,poisonous,edible
0.025517689,0.3644635,0,0,edible,edible
0.2931332,0.42082137,0,0,edible,edible
0.600502,0.3819877,1,0,poisonous,edible
0.4363111,0.31572995,0,0,edible,edible
0.07687567,0.6270597,0,1,edible,poisonous
0.15774007,0.3900821,0,0,edible,edible
0.42200822,0.3948248,0,0,edible,edible
0.54589117,0.3328383,1,0,poisonous,edible
0.67231417,0.37750223,1,0,poisonous,edible
0.2920301,0.43077862,0,0,edible,edible
0.54812,0.37449333,1,0,poisonous,edible
0.45265627,0.36402738,0,0,edible,edible
0.5794215,0.3855241,1,0,poisonous,edible
0.51028997,0.42699397,1,0,poisonous,edible
0.6919814,0.4132555,1,0,poisonous,edible
0.20387045,0.40376797,0,0,edible,edible
0.25280416,0.393887,0,0,edible,edible
0.24819809,0.36409786,0,0,edible,edible
0.9215092,0.54187244,1,1,poisonous,poisonous
0.31266388,0.35357168,0,0,edible,edible
0.93229896,0.34707364,1,0,poisonous,edible
0.22522064,0.35955223,0,0,edible,edible
0.39386615,0.41133893,0,0,edible,edible
0.4201865,0.5036791,0,1,edible,poisonous
0.31702328,0.3632048,0,0,edible,edible
0.9365636,0.31084144,1,0,poisonous,edible
0.40523937,0.38279155,0,0,edible,edible
0.09298428,0.38746062,0,0,edible,edible
0.56263787,0.58462256,1,1,poisonous,poisonous
0.5962745,0.38777408,1,0,poisonous,edible
0.6096297,0.39382613,1,0,poisonous,edible
0.94262004,0.4365936,1,0,poisonous,edible
0.41328326,0.38080838,0,0,edible,edible
0.052790675,0.33175853,0,0,edible,edible
0.84028804,0.40591234,1,0,poisonous,edible
0.68134904,0.3494046,1,0,poisonous,edible
0.5545154,0.34798753,1,0,poisonous,edible
0.46448323,0.641798,0,1,edible,poisonous
0.80637413,0.36763462,1,0,poisonous,edible
0.33489418,0.3548725,0,0,edible,edible
0.49041292,0.37562695,0,0,edible,edible
0.42273778,0.4011576,0,0,edible,edible
0.41606057,0.39329013,0,0,edible,edible
0.043964326,0.36186355,0,0,edible,edible
0.77192414,0.38072664,1,0,poisonous,edible
0.42059577,0.31566674,0,0,edible,edible
0.43529078,0.42514017,0,0,edible,edible
0.48557582,0.43234754,0,0,edible,edible
0.082428984,0.45165655,0,0,edible,edible
0.7110012,0.3152506,1,0,poisonous,edible
0.04348293,0.3682818,0,0,edible,edible
0.11930568,0.34841648,0,0,edible,edible
0.2840529,0.38371348,0,0,edible,edible
0.9432573,0.3130634,1,0,poisonous,edible
0.11920478,0.45446673,0,0,edible,edible
0.93033445,0.35721588,1,0,poisonous,edible
0.4676839,0.4143976,0,0,edible,edible
0.9833039,0.3784355,1,0,poisonous,edible
0.8701561,0.3549835,1,0,poisonous,edible
0.863135,0.42128652,1,0,poisonous,edible
0.49179795,0.33560085,0,0,edible,edible
0.2280339,0.33470592,0,0,edible,edible
0.9280574,0.42441583,1,0,poisonous,edible
0.007290831,0.42801586,0,0,edible,edible
0.5237406,0.44040385,1,0,poisonous,edible
0.80037856,0.4923143,1,0,poisonous,edible
0.48738405,0.3610795,0,0,edible,edible
0.33784896,0.36410645,0,0,edible,edible
0.3077642,0.3353314,0,0,edible,edible
0.055026468,0.45225263,0,0,edible,edible
0.0070058717,0.37899423,0,0,edible,edible
0.2904855,0.41437516,0,0,edible,edible
0.88028467,0.4172637,1,0,poisonous,edible
0.7375465,0.37946174,1,0,poisonous,edible
0.7202731,0.41616404,1,0,poisonous,edible
0.006014698,0.4161895,0,0,edible,edible
0.55112123,0.4243772,1,0,poisonous,edible
0.6467467,0.44134602,1,0,poisonous,edible
0.50639176,0.49811158,1,0,poisonous,edible
0.80815995,0.37274557,1,0,poisonous,edible
0.9672476,0.42211968,1,0,poisonous,edible
0.270926,0.33586788,0,0,edible,edible
0.4315074,0.39636183,0,0,edible,edible
0.16215776,0.39895588,0,0,edible,edible
0.66216093,0.44937012,1,0,poisonous,edible
0.96944094,0.37638938,1,0,poisonous,edible
0.13116276,0.48432782,0,0,edible,edible
0.7855826,0.31194845,1,0,poisonous,edible
0.8231708,0.36755973,1,0,poisonous,edible
0.56448185,0.4431604,1,0,poisonous,edible
0.08000255,0.4143579,0,0,edible,edible
0.38384715,0.37436745,0,0,edible,edible
0.7569474,0.49361342,1,0,poisonous,edible
0.6696743,0.34957573,1,0,poisonous,edible
0.85403854,0.43019253,1,0,poisonous,edible
0.49627864,0.5474158,0,1,edible,poisonous
0.734823,0.4638772,1,0,poisonous,edible
0.5697158,0.38781345,1,0,poisonous,edible
0.47437453,0.37705794,0,0,edible,edible
0.44251433,0.36421114,0,0,edible,edible
0.8301308,0.52876806,1,1,poisonous,poisonous
0.19746241,0.38951853,0,0,edible,edible
0.25197145,0.3901829,0,0,edible,edible
0.14206731,0.37411895,0,0,edible,edible
0.8239625,0.40022248,1,0,poisonous,edible
0.14752194,0.405528,0,0,edible,edible
0.29433897,0.38398212,0,0,edible,edible
0.27561852,0.4833741,0,0,edible,edible
0.37657824,0.42307308,0,0,edible,edible
0.41691673,0.45937303,0,0,edible,edible
0.65773636,0.39630634,1,0,poisonous,edible
0.5816318,0.39713022,1,0,poisonous,edible
0.3549576,0.4097129,0,0,edible,edible
0.42917112,0.33715573,0,0,edible,edible
0.86898214,0.3931585,1,0,poisonous,edible
0.4580348,0.35028386,0,0,edible,edible
0.052322816,0.46124047,0,0,edible,edible
0.19092466,0.31674907,0,0,edible,edible
0.22501804,0.30229098,0,0,edible,edible
0.57155854,0.5901885,1,1,poisonous,poisonous
0.1716326,0.3579819,0,0,edible,edible
0.21453165,0.31873447,0,0,edible,edible
0.26266328,0.314099,0,0,edible,edible
0.9134688,0.34487364,1,0,poisonous,edible
0.1368228,0.41977003,0,0,edible,edible
0.4755273,0.38883314,0,0,edible,edible
0.112170026,0.33341593,0,0,edible,edible
0.22403689,0.40081692,0,0,edible,edible
0.82782125,0.31135732,1,0,poisonous,edible
0.8550523,0.5182014,1,1,poisonous,poisonous
0.46557727,0.35285783,0,0,edible,edible
0.7721512,0.45502633,1,0,poisonous,edible
0.7747643,0.30545086,1,0,poisonous,edible
0.9674049,0.42314583,1,0,poisonous,edible
0.72156405,0.37728536,1,0,poisonous,edible
0.17580605,0.30769858,0,0,edible,edible
0.41453907,0.36595768,0,0,edible,edible
0.40498427,0.39211386,0,0,edible,edible
0.8409576,0.34967715,1,0,poisonous,edible
0.011633081,0.4370395,0,0,edible,edible
0.6957808,0.40549153,1,0,poisonous,edible
0.46508574,0.35822698,0,0,edible,edible
0.9592192,0.46058813,1,0,poisonous,edible
0.47123423,0.45638722,0,0,edible,edible
0.98453057,0.33715802,1,0,poisonous,edible
0.06949111,0.33631,0,0,edible,edible
0.77452147,0.33905762,1,0,poisonous,edible
0.59889376,0.40380505,1,0,poisonous,edible
0.50458497,0.37101033,1,0,poisonous,edible
0.66983163,0.6504355,1,1,poisonous,poisonous
0.37175474,0.36092052,0,0,edible,edible
0.30947146,0.45242763,0,0,edible,edible
0.2042945,0.42266417,0,0,edible,edible
0.50103885,0.37763685,1,0,poisonous,edible
0.5951282,0.3619688,1,0,poisonous,edible
0.49847433,0.5497507,0,1,edible,poisonous
0.18935238,0.64065915,0,1,edible,poisonous
0.2370166,0.45530722,0,0,edible,edible
0.21047394,0.32387054,0,0,edible,edible
0.04727826,0.39991575,0,0,edible,edible
0.47089413,0.36693817,0,0,edible,edible
0.47883263,0.40061086,0,0,edible,edible
0.94140095,0.34254885,1,0,poisonous,edible
0.05267198,0.3474591,0,0,edible,edible
0.41983545,0.45471662,0,0,edible,edible
0.5890428,0.3904699,1,0,poisonous,edible
0.46422318,0.47965288,0,0,edible,edible
0.072284,0.47964403,0,0,edible,edible
0.7287367,0.59911275,1,1,poisonous,poisonous
0.86151546,0.6563129,1,1,poisonous,poisonous
0.2487242,0.6283802,0,1,edible,poisonous
0.20843326,0.47161233,0,0,edible,edible
0.9914804,0.35866165,1,0,poisonous,edible
0.50558233,0.4359474,1,0,poisonous,edible
0.07497732,0.34532082,0,0,edible,edible
0.56339234,0.36982366,1,0,poisonous,edible
0.48412028,0.35734028,0,0,edible,edible
0.04020037,0.41023177,0,0,edible,edible
0.8548485,0.3566068,1,0,poisonous,edible
0.41390026,0.40086755,0,0,edible,edible
0.4134862,0.3932476,0,0,edible,edible
0.7941275,0.37978393,1,0,poisonous,edible
0.13108405,0.44014516,0,0,edible,edible
0.79712707,0.47631252,1,0,poisonous,edible
0.06343059,0.36922956,0,0,edible,edible
0.9886533,0.4644783,1,0,poisonous,edible
0.93305033,0.29766405,1,0,poisonous,edible
0.23676796,0.41112354,0,0,edible,edible
0.47308487,0.36099592,0,0,edible,edible
0.5929725,0.37943456,1,0,poisonous,edible
0.38097835,0.3496654,0,0,edible,edible
0.9750965,0.37318707,1,0,poisonous,edible
0.61324996,0.3991258,1,0,poisonous,edible
0.097576596,0.47689614,0,0,edible,edible
0.6383811,0.31843108,1,0,poisonous,edible
0.03251095,0.41399804,0,0,edible,edible
0.25559872,0.4263886,0,0,edible,edible
0.2215226,0.5284269,0,1,edible,poisonous
0.5315838,0.34057334,1,0,poisonous,edible
0.18560457,0.32917562,0,0,edible,edible
0.514956,0.339073,1,0,poisonous,edible
0.26999706,0.346093,0,0,edible,edible
0.41531405,0.37213367,0,0,edible,edible
0.38102752,0.43084443,0,0,edible,edible
0.5759525,0.3875654,1,0,poisonous,edible
0.8145604,0.64762205,1,1,poisonous,poisonous
0.89667326,0.36852047,1,0,poisonous,edible
0.10949295,0.3575358,0,0,edible,edible
0.8725531,0.37960184,1,0,poisonous,edible
0.5284265,0.36125967,1,0,poisonous,edible
0.17967008,0.38179988,0,0,edible,edible
0.3447804,0.3527243,0,0,edible,edible
0.9525477,0.5713365,1,1,poisonous,poisonous
0.7498469,0.37688488,1,0,poisonous,edible
0.84028685,0.40122837,1,0,poisonous,edible
0.3310394,0.41706145,0,0,edible,edible
0.089437395,0.4236162,0,0,edible,edible
0.71809673,0.4167833,1,0,poisonous,edible
0.16288988,0.36022976,0,0,edible,edible
0.24717459,0.4014008,0,0,edible,edible
0.35370654,0.43329886,0,0,edible,edible
0.65771914,0.42558247,1,0,poisonous,edible
0.36581686,0.37715378,0,0,edible,edible
0.42153087,0.4352463,0,0,edible,edible
0.85005635,0.31655285,1,0,poisonous,edible
0.73509955,0.40312007,1,0,poisonous,edible
0.38582468,0.3976058,0,0,edible,edible
0.7871424,0.5170619,1,1,poisonous,poisonous
0.80250275,0.4588697,1,0,poisonous,edible
0.4955088,0.37220347,0,0,edible,edible
0.9371859,0.48014742,1,0,poisonous,edible
0.34746015,0.34365353,0,0,edible,edible
0.9801384,0.3579869,1,0,poisonous,edible
0.9781367,0.34458148,1,0,poisonous,edible
0.40190363,0.57534766,0,1,edible,poisonous
0.4757347,0.47519386,0,0,edible,edible
0.16370286,0.32976735,0,0,edible,edible
0.9130321,0.38295797,1,0,poisonous,edible
0.46701145,0.38482288,0,0,edible,edible
0.93175745,0.65634656,1,1,poisonous,poisonous
0.2196191,0.37196365,0,0,edible,edible
0.40925884,0.36759478,0,0,edible,edible
0.64130205,0.4013532,1,0,poisonous,edible
0.50515306,0.37145054,1,0,poisonous,edible
0.00940439,0.36370116,0,0,edible,edible
0.5498793,0.44388354,1,0,poisonous,edible
0.024973921,0.4672247,0,0,edible,edible
0.3723717,0.41882104,0,0,edible,edible
0.41901043,0.4372877,0,0,edible,edible
0.20448172,0.6427208,0,1,edible,poisonous
0.49716043,0.6069043,0,1,edible,poisonous
0.81871986,0.4254276,1,0,poisonous,edible
0.74444896,0.5396735,1,1,poisonous,poisonous
0.98357695,0.33341983,1,0,poisonous,edible
0.036039863,0.39854163,0,0,edible,edible
0.73281866,0.4279079,1,0,poisonous,edible
0.76132625,0.39168257,1,0,poisonous,edible
0.87313795,0.34393013,1,0,poisonous,edible
0.72214746,0.3334924,1,0,poisonous,edible
0.636957,0.463932,1,0,poisonous,edible
0.049503546,0.46551016,0,0,edible,edible
0.2887669,0.3622913,0,0,edible,edible
0.0034352394,0.28797677,0,0,edible,edible
0.4052732,0.3561915,0,0,edible,edible
0.34441313,0.35743093,0,0,edible,edible
0.15302248,0.36636245,0,0,edible,edible
0.20579787,0.34161177,0,0,edible,edible
0.78839654,0.49223933,1,0,poisonous,edible
0.24145469,0.36156029,0,0,edible,edible
0.56185365,0.35996664,1,0,poisonous,edible
0.28128326,0.39004147,0,0,edible,edible
0.717547,0.36986294,1,0,poisonous,edible
0.45309186,0.4454969,0,0,edible,edible
0.9096016,0.383149,1,0,poisonous,edible
0.7487969,0.32761806,1,0,poisonous,edible
0.06442182,0.35545212,0,0,edible,edible
0.27440014,0.39556602,0,0,edible,edible
0.08275257,0.38508052,0,0,edible,edible
0.7916943,0.42568696,1,0,poisonous,edible
0.97742504,0.37274894,1,0,poisonous,edible
0.55936515,0.35142106,1,0,poisonous,edible
0.2577173,0.49703962,0,0,edible,edible
0.9042004,0.38880232,1,0,poisonous,edible
0.17565958,0.31482887,0,0,edible,edible
0.9936866,0.3835219,1,0,poisonous,edible
0.8543046,0.41068554,1,0,poisonous,edible
0.06358601,0.5916072,0,1,edible,poisonous
0.92649096,0.3407063,1,0,poisonous,edible
0.4323176,0.5049297,0,1,edible,poisonous
0.37928304,0.3743647,0,0,edible,edible
0.0344354,0.39093658,0,0,edible,edible
0.059233457,0.45913213,0,0,edible,edible
0.094561055,0.36323315,0,0,edible,edible
0.14112331,0.3308796,0,0,edible,edible
0.67146415,0.3891975,1,0,poisonous,edible
0.45696396,0.3915483,0,0,edible,edible
0.0657276,0.46992022,0,0,edible,edible
0.13808838,0.3275083,0,0,edible,edible
0.77212316,0.4966787,1,0,poisonous,edible
0.6165365,0.47334394,1,0,poisonous,edible
0.33995643,0.38571796,0,0,edible,edible
0.8136186,0.3369977,1,0,poisonous,edible
0.45632938,0.46036515,0,0,edible,edible
0.73262423,0.3805591,1,0,poisonous,edible
0.23279274,0.49292424,0,0,edible,edible
0.40741864,0.38054287,0,0,edible,edible
0.860886,0.36543378,1,0,poisonous,edible
0.8572462,0.39124057,1,0,poisonous,edible
0.20492978,0.38872322,0,0,edible,edible
0.4500246,0.5040295,0,1,edible,poisonous
0.16395569,0.36048898,0,0,edible,edible
0.9536816,0.4261491,1,0,poisonous,edible
0.8668724,0.32792267,1,0,poisonous,edible
0.028758772,0.38882697,0,0,edible,edible
0.7552943,0.39572483,1,0,poisonous,edible
0.2627385,0.3667344,0,0,edible,edible
0.6802986,0.30510184,1,0,poisonous,edible
0.4845335,0.36700544,0,0,edible,edible
0.6266429,0.38074303,1,0,poisonous,edible
0.35835162,0.478231,0,0,edible,edible
0.676989,0.37626612,1,0,poisonous,edible
0.97036237,0.428734,1,0,poisonous,edible
0.8139542,0.42961338,1,0,poisonous,edible
0.37937742,0.42617244,0,0,edible,edible
0.40108147,0.34807658,0,0,edible,edible
0.15932958,0.39532426,0,0,edible,edible
0.88203764,0.41318688,1,0,poisonous,edible
0.62671506,0.52571315,1,1,poisonous,poisonous
0.9641824,0.34934178,1,0,poisonous,edible
0.36882862,0.37828436,0,0,edible,edible
0.14706618,0.48101348,0,0,edible,edible
0.32666183,0.3737893,0,0,edible,edible
0.7390647,0.38177463,1,0,poisonous,edible
0.2204434,0.43912286,0,0,edible,edible
0.33329883,0.30664378,0,0,edible,edible
0.483087,0.49682507,0,0,edible,edible
0.16199127,0.4017432,0,0,edible,edible
0.36102128,0.33856368,0,0,edible,edible
0.99474686,0.34988225,1,0,poisonous,edible
0.89903283,0.4615024,1,0,poisonous,edible
0.8833824,0.3267092,1,0,poisonous,edible
0.19126879,0.37749425,0,0,edible,edible
0.89295846,0.30917162,1,0,poisonous,edible
0.13328859,0.38204834,0,0,edible,edible
0.315683,0.3509685,0,0,edible,edible
0.2983033,0.3514442,0,0,edible,edible
0.03382779,0.51408726,0,1,edible,poisonous
0.29717475,0.35774013,0,0,edible,edible
0.4072061,0.38365188,0,0,edible,edible
0.955147,0.45438105,1,0,poisonous,edible
0.3042955,0.36522818,0,0,edible,edible
0.28729743,0.40680334,0,0,edible,edible
0.74608415,0.5736546,1,1,poisonous,poisonous
0.048721757,0.4181893,0,0,edible,edible
0.7255859,0.3768572,1,0,poisonous,edible
0.19874293,0.3981017,0,0,edible,edible
0.4345916,0.33334345,0,0,edible,edible
0.57331437,0.37875062,1,0,poisonous,edible
0.65243024,0.6141881,1,1,poisonous,poisonous
0.12109118,0.35365197,0,0,edible,edible
0.20249939,0.32150802,0,0,edible,edible
0.33598462,0.43313083,0,0,edible,edible
0.54593265,0.6080391,1,1,poisonous,poisonous
0.7084988,0.32447168,1,0,poisonous,edible
0.66112953,0.3304402,1,0,poisonous,edible
0.63874006,0.36735374,1,0,poisonous,edible
0.37028775,0.2980226,0,0,edible,edible
0.13878495,0.49034274,0,0,edible,edible
0.05882573,0.3497237,0,0,edible,edible
0.78455573,0.6510071,1,1,poisonous,poisonous
0.1991947,0.56035936,0,1,edible,poisonous
0.36366874,0.39665332,0,0,edible,edible
0.39352593,0.40132836,0,0,edible,edible
0.066460855,0.4484802,0,0,edible,edible
0.26568425,0.39172986,0,0,edible,edible
0.32182845,0.44781837,0,0,edible,edible
0.81878674,0.39164746,1,0,poisonous,edible
0.0897616,0.6420352,0,1,edible,poisonous
0.86445576,0.42559204,1,0,poisonous,edible
0.8170577,0.32377794,1,0,poisonous,edible
0.24079174,0.36170822,0,0,edible,edible
0.28436732,0.3708126,0,0,edible,edible
0.61052865,0.3944429,1,0,poisonous,edible
0.71679705,0.50410646,1,1,poisonous,poisonous
0.1683142,0.34657845,0,0,edible,edible
0.12972242,0.41678137,0,0,edible,edible
0.4080307,0.36618942,0,0,edible,edible
0.35966468,0.32867417,0,0,edible,edible
0.79709154,0.36198723,1,0,poisonous,edible
0.007942967,0.47025207,0,0,edible,edible
0.26036498,0.4395234,0,0,edible,edible
0.45758507,0.36070657,0,0,edible,edible
0.7521465,0.4342129,1,0,poisonous,edible
0.33242476,0.41863346,0,0,edible,edible
0.73213255,0.45483533,1,0,poisonous,edible
0.6810291,0.3380239,1,0,poisonous,edible
0.35502854,0.6057735,0,1,edible,poisonous
0.6814274,0.61238354,1,1,poisonous,poisonous
0.0036336104,0.5767214,0,1,edible,poisonous
0.6240649,0.38677743,1,0,poisonous,edible
0.6030047,0.39338252,1,0,poisonous,edible
0.9356247,0.5740038,1,1,poisonous,poisonous
0.8375479,0.3490168,1,0,poisonous,edible
0.712192,0.34477022,1,0,poisonous,edible
0.814267,0.3793751,1,0,poisonous,edible
0.96344286,0.48646572,1,0,poisonous,edible
0.78584063,0.3787035,1,0,poisonous,edible
0.2963355,0.52021956,0,1,edible,poisonous
0.29071593,0.39672533,0,0,edible,edible
0.032226663,0.35853153,0,0,edible,edible
0.69131553,0.55181736,1,1,poisonous,poisonous
0.94579494,0.37643328,1,0,poisonous,edible
0.28295663,0.46659535,0,0,edible,edible
0.90843964,0.3721387,1,0,poisonous,edible
0.69812506,0.44577357,1,0,poisonous,edible
0.867358,0.32562497,1,0,poisonous,edible
0.3614242,0.34991983,0,0,edible,edible
0.58282673,0.36224827,1,0,poisonous,edible
0.80344146,0.40504143,1,0,poisonous,edible
0.92555803,0.35843235,1,0,poisonous,edible
0.713522,0.3916824,1,0,poisonous,edible
0.51627904,0.45200676,1,0,poisonous,edible
0.32159695,0.35759395,0,0,edible,edible
0.68513787,0.41155514,1,0,poisonous,edible
0.6851931,0.3452694,1,0,poisonous,edible
0.09007693,0.3482173,0,0,edible,edible
0.7661605,0.44756758,1,0,poisonous,edible
0.85145974,0.5008105,1,1,poisonous,poisonous
0.024159085,0.37277266,0,0,edible,edible
0.09039783,0.37978548,0,0,edible,edible
0.37128899,0.61147386,0,1,edible,poisonous
0.9453911,0.44381762,1,0,poisonous,edible
0.50929403,0.39272687,1,0,poisonous,edible
0.43115264,0.44746384,0,0,edible,edible
0.7309416,0.37840813,1,0,poisonous,edible
0.20445767,0.37179565,0,0,edible,edible
0.73413587,0.34623688,1,0,poisonous,edible
0.79391,0.44542107,1,0,poisonous,edible
0.25909734,0.3494311,0,0,edible,edible
0.32628843,0.35959843,0,0,edible,edible
0.5779084,0.36465904,1,0,poisonous,edible
0.2555607,0.38264462,0,0,edible,edible
0.6468099,0.37152278,1,0,poisonous,edible
0.12378199,0.44534537,0,0,edible,edible
0.24231632,0.32553017,0,0,edible,edible
0.05799007,0.3500521,0,0,edible,edible
0.20251589,0.5248366,0,1,edible,poisonous
0.72040087,0.39939797,1,0,poisonous,edible
0.99912816,0.45829126,1,0,poisonous,edible
0.17656724,0.49553832,0,0,edible,edible
0.6341042,0.5599634,1,1,poisonous,poisonous
0.6249147,0.4006668,1,0,poisonous,edible
0.10495723,0.33272654,0,0,edible,edible
0.44761598,0.42886502,0,0,edible,edible
0.8024172,0.36166155,1,0,poisonous,edible
0.24706657,0.4650662,0,0,edible,edible
0.68353873,0.3418584,1,0,poisonous,edible
0.769665,0.49210545,1,0,poisonous,edible
0.47310978,0.5516817,0,1,edible,poisonous
0.13566282,0.2895301,0,0,edible,edible
0.50664043,0.39809763,1,0,poisonous,edible
0.6497868,0.42622504,1,0,poisonous,edible
0.747103,0.39917666,1,0,poisonous,edible
0.04011963,0.43219197,0,0,edible,edible
0.79044557,0.36926717,1,0,poisonous,edible
0.0021743404,0.30219188,0,0,edible,edible
0.7185013,0.44146287,1,0,poisonous,edible
0.007884383,0.3593404,0,0,edible,edible
0.07035737,0.35791993,0,0,edible,edible
0.4841942,0.40468928,0,0,edible,edible
0.2688807,0.36834022,0,0,edible,edible
0.68573856,0.36859745,1,0,poisonous,edible
0.028635858,0.3617921,0,0,edible,edible
0.5095282,0.4190546,1,0,poisonous,edible
0.68637717,0.4359473,1,0,poisonous,edible
0.5193216,0.42034426,1,0,poisonous,edible
0.56656146,0.49500918,1,0,poisonous,edible
0.9689418,0.47436383,1,0,poisonous,edible
0.41707665,0.31091842,0,0,edible,edible
0.852141,0.40570173,1,0,poisonous,edible
0.37092808,0.37929058,0,0,edible,edible
0.6412932,0.30829728,1,0,poisonous,edible
0.71341085,0.46119687,1,0,poisonous,edible
0.53760666,0.3437306,1,0,poisonous,edible
0.85650784,0.35563496,1,0,poisonous,edible
0.53895134,0.5134086,1,1,poisonous,poisonous
0.45281315,0.50697386,0,1,edible,poisonous
0.3776795,0.35440913,0,0,edible,edible
0.7860783,0.41437516,1,0,poisonous,edible
0.5486316,0.44540113,1,0,poisonous,edible
0.7224547,0.34930745,1,0,poisonous,edible
0.79791814,0.35898352,1,0,poisonous,edible
0.64601815,0.43441492,1,0,poisonous,edible
0.09317517,0.37278,0,0,edible,edible
0.29428107,0.39321822,0,0,edible,edible
0.1845446,0.51300174,0,1,edible,poisonous
0.12627678,0.40211084,0,0,edible,edible
0.37498754,0.41983387,0,0,edible,edible
0.2801247,0.33948848,0,0,edible,edible
0.271322,0.41967916,0,0,edible,edible
0.1711079,0.3691248,0,0,edible,edible
0.13114418,0.35712755,0,0,edible,edible
0.6754757,0.36595878,1,0,poisonous,edible
0.21630047,0.3621084,0,0,edible,edible
0.29144397,0.38363898,0,0,edible,edible
0.59045607,0.5606188,1,1,poisonous,poisonous
0.4993346,0.41814715,0,0,edible,edible
0.48255524,0.46181116,0,0,edible,edible
0.61050606,0.4474468,1,0,poisonous,edible
0.44204044,0.4133787,0,0,edible,edible
0.49247327,0.3053547,0,0,edible,edible
0.31049976,0.33979672,0,0,edible,edible
0.13943423,0.31234157,0,0,edible,edible
0.70382756,0.35982507,1,0,poisonous,edible
0.33472213,0.39532137,0,0,edible,edible
0.02045418,0.327339,0,0,edible,edible
0.8384557,0.39253995,1,0,poisonous,edible
0.3513029,0.40502414,0,0,edible,edible
0.9615904,0.67477554,1,1,poisonous,poisonous
0.15317988,0.460054,0,0,edible,edible
0.10947333,0.47683573,0,0,edible,edible
0.37895337,0.37262273,0,0,edible,edible
0.089808926,0.44649678,0,0,edible,edible
0.0023091503,0.36179003,0,0,edible,edible
0.8401654,0.3120565,1,0,poisonous,edible
0.17892234,0.3587289,0,0,edible,edible
0.8436033,0.38470083,1,0,poisonous,edible
0.50131255,0.3534511,1,0,poisonous,edible
0.34177402,0.60865295,0,1,edible,poisonous
0.35043508,0.42619598,0,0,edible,edible
0.704802,0.50537926,1,1,poisonous,poisonous
0.39072508,0.3697689,0,0,edible,edible
0.37902978,0.61828125,0,1,edible,poisonous
0.88662964,0.35629258,1,0,poisonous,edible
0.2412613,0.47464398,0,0,edible,edible
0.08330856,0.5411891,0,1,edible,poisonous
0.31149712,0.34577844,0,0,edible,edible
0.36619377,0.37410998,0,0,edible,edible
0.5325051,0.4459086,1,0,poisonous,edible
0.78897524,0.43668023,1,0,poisonous,edible
0.35167578,0.36014384,0,0,edible,edible
0.37234622,0.4324071,0,0,edible,edible
0.25657296,0.35942754,0,0,edible,edible
0.27738506,0.42424124,0,0,edible,edible
0.43886805,0.3815865,0,0,edible,edible
0.60239655,0.32812008,1,0,poisonous,edible
0.67146707,0.4389939,1,0,poisonous,edible
0.3600855,0.42688107,0,0,edible,edible
0.43196297,0.37670317,0,0,edible,edible
0.59154165,0.41115513,1,0,poisonous,edible
0.23476538,0.35476372,0,0,edible,edible
0.04936953,0.50025135,0,1,edible,poisonous
0.52982867,0.3942014,1,0,poisonous,edible
0.07029249,0.49423987,0,0,edible,edible
0.111904085,0.4574033,0,0,edible,edible
0.68488294,0.43551096,1,0,poisonous,edible
0.83738244,0.49606413,1,0,poisonous,edible
0.7604711,0.425652,1,0,poisonous,edible
0.50867486,0.36858875,1,0,poisonous,edible
0.24620354,0.3292925,0,0,edible,edible
0.1205182,0.36877236,0,0,edible,edible
0.040880244,0.48246905,0,0,edible,edible
0.6478871,0.3819018,1,0,poisonous,edible
0.7675606,0.3250058,1,0,poisonous,edible
0.55583215,0.3691736,1,0,poisonous,edible
0.7266311,0.42312315,1,0,poisonous,edible
0.007031528,0.48282152,0,0,edible,edible
0.43028995,0.3079965,0,0,edible,edible
0.17944339,0.44391638,0,0,edible,edible
0.2901535,0.3278004,0,0,edible,edible
0.8333776,0.38506284,1,0,poisonous,edible
0.62416685,0.44410658,1,0,poisonous,edible
0.066344455,0.3644452,0,0,edible,edible
0.27794582,0.3666728,0,0,edible,edible
0.59687674,0.36716816,1,0,poisonous,edible
0.6828742,0.3850427,1,0,poisonous,edible
0.34287655,0.3743445,0,0,edible,edible
0.14966516,0.30350152,0,0,edible,edible
0.5455832,0.45235193,1,0,poisonous,edible
0.9156768,0.36003605,1,0,poisonous,edible
0.714085,0.55260503,1,1,poisonous,poisonous
0.33178732,0.32271394,0,0,edible,edible
0.6133324,0.46284154,1,0,poisonous,edible
0.2592557,0.37814718,0,0,edible,edible
0.68717253,0.3760823,1,0,poisonous,edible
0.45327005,0.43246093,0,0,edible,edible
0.37633735,0.31405708,0,0,edible,edible
0.4854559,0.49494275,0,0,edible,edible
0.16082764,0.39943838,0,0,edible,edible
0.4561108,0.47771922,0,0,edible,edible
0.47177836,0.39269,0,0,edible,edible
0.77347654,0.40150443,1,0,poisonous,edible
0.14902796,0.3687513,0,0,edible,edible
0.47219333,0.45072642,0,0,edible,edible
0.8916422,0.41956592,1,0,poisonous,edible
0.9783126,0.46196225,1,0,poisonous,edible
0.4318808,0.34979737,0,0,edible,edible
0.3342269,0.36605865,0,0,edible,edible
0.41972035,0.36292288,0,0,edible,edible
0.37370694,0.36824146,0,0,edible,edible
0.29784924,0.3606461,0,0,edible,edible
0.37788,0.42217225,0,0,edible,edible
0.31842363,0.41606972,0,0,edible,edible
0.08175989,0.4189606,0,0,edible,edible
0.070001796,0.36536685,0,0,edible,edible
0.8879878,0.41351214,1,0,poisonous,edible
0.110597916,0.4744403,0,0,edible,edible
0.048035003,0.50843835,0,1,edible,poisonous
0.08416206,0.35501885,0,0,edible,edible
0.15700138,0.40119323,0,0,edible,edible
0.43814918,0.3696584,0,0,edible,edible
0.012302583,0.39482215,0,0,edible,edible
0.024841689,0.34727746,0,0,edible,edible
0.64948684,0.45120978,1,0,poisonous,edible
0.6892154,0.3681836,1,0,poisonous,edible
0.38851807,0.31923437,0,0,edible,edible
0.85032964,0.56720525,1,1,poisonous,poisonous
0.65670097,0.6370705,1,1,poisonous,poisonous
0.25680113,0.592385,0,1,edible,poisonous
0.008916465,0.43609896,0,0,edible,edible
0.5681184,0.49040797,1,0,poisonous,edible
0.83475757,0.41124213,1,0,poisonous,edible
0.14055185,0.35114628,0,0,edible,edible
0.5431776,0.5209034,1,1,poisonous,poisonous
0.9855714,0.40258595,1,0,poisonous,edible
0.5853208,0.29078785,1,0,poisonous,edible
0.7166908,0.32630286,1,0,poisonous,edible
0.51320845,0.41321847,1,0,poisonous,edible
0.19555801,0.3604293,0,0,edible,edible
0.7160063,0.3917391,1,0,poisonous,edible
0.22898301,0.4187076,0,0,edible,edible
0.24144895,0.48565573,0,0,edible,edible
0.69500357,0.43595004,1,0,poisonous,edible
0.6816833,0.4422125,1,0,poisonous,edible
0.65460396,0.38761765,1,0,poisonous,edible
0.58105004,0.3439379,1,0,poisonous,edible
0.74032927,0.32512188,1,0,poisonous,edible
0.39366576,0.36508614,0,0,edible,edible
0.4413688,0.35628608,0,0,edible,edible
0.28895032,0.3595351,0,0,edible,edible
0.62131244,0.37588415,1,0,poisonous,edible
0.68805945,0.35687456,1,0,poisonous,edible
0.5987067,0.42265612,1,0,poisonous,edible
0.6520928,0.3320395,1,0,poisonous,edible
0.22850153,0.49733233,0,0,edible,edible
0.8604921,0.4165508,1,0,poisonous,edible
0.31701767,0.40527275,0,0,edible,edible
0.8679462,0.36854622,1,0,poisonous,edible
0.25484678,0.44408426,0,0,edible,edible
0.41815406,0.37464926,0,0,edible,edible
0.41629237,0.4500704,0,0,edible,edible
0.42049795,0.4752773,0,0,edible,edible
0.4517698,0.42459658,0,0,edible,edible
0.14060962,0.55665916,0,1,edible,poisonous
0.40522945,0.2979631,0,0,edible,edible
0.93533903,0.37666288,1,0,poisonous,edible
0.6475105,0.3814431,1,0,poisonous,edible
0.45796397,0.4608124,0,0,edible,edible
0.3087973,0.57201517,0,1,edible,poisonous
0.48463973,0.47602576,0,0,edible,edible
0.5321452,0.38673225,1,0,poisonous,edible
0.5690492,0.4910984,1,0,poisonous,edible
0.36414948,0.37623975,0,0,edible,edible
0.7342991,0.34292442,1,0,poisonous,edible
0.7569474,0.3970752,1,0,poisonous,edible
0.20162249,0.38040182,0,0,edible,edible
0.9798889,0.43055668,1,0,poisonous,edible
0.6147725,0.42096028,1,0,poisonous,edible
0.7782494,0.6784756,1,1,poisonous,poisonous
0.3203306,0.49148607,0,0,edible,edible
0.16696864,0.5671626,0,1,edible,poisonous
0.6043058,0.34533882,1,0,poisonous,edible
0.7207098,0.4892552,1,0,poisonous,edible
0.8926022,0.4309144,1,0,poisonous,edible
0.6308448,0.45005205,1,0,poisonous,edible
0.49745435,0.46017963,0,0,edible,edible
0.5141187,0.47376478,1,0,poisonous,edible
0.2852312,0.3802827,0,0,edible,edible
0.07168549,0.38806194,0,0,edible,edible
0.42970228,0.397732,0,0,edible,edible
0.2593767,0.36199197,0,0,edible,edible
0.8389829,0.36938658,1,0,poisonous,edible
0.6879018,0.35127634,1,0,poisonous,edible
0.27561313,0.42709082,0,0,edible,edible
0.7840365,0.33620876,1,0,poisonous,edible
0.11289721,0.39869207,0,0,edible,edible
0.84571856,0.643939,1,1,poisonous,poisonous
0.44843662,0.5208027,0,1,edible,poisonous
0.7653358,0.49045873,1,0,poisonous,edible
0.4204937,0.41801122,0,0,edible,edible
0.71341085,0.3371151,1,0,poisonous,edible
0.9227645,0.36560237,1,0,poisonous,edible
0.2741453,0.3870926,0,0,edible,edible
0.112310685,0.35550553,0,0,edible,edible
0.32097888,0.60862577,0,1,edible,poisonous
0.2584416,0.35759392,0,0,edible,edible
0.28936005,0.36998838,0,0,edible,edible
0.6207063,0.4358923,1,0,poisonous,edible
0.009370779,0.3873885,0,0,edible,edible
0.41849732,0.38496095,0,0,edible,edible
0.41533056,0.3791774,0,0,edible,edible
0.6232822,0.43310553,1,0,poisonous,edible
0.14944859,0.3573857,0,0,edible,edible
0.993564,0.34029993,1,0,poisonous,edible
0.3318153,0.43318042,0,0,edible,edible
0.67081136,0.49647355,1,0,poisonous,edible
0.10985476,0.37981427,0,0,edible,edible
0.15896265,0.35024893,0,0,edible,edible
0.5535706,0.48098895,1,0,poisonous,edible
0.31065613,0.37408167,0,0,edible,edible
0.8117929,0.35739392,1,0,poisonous,edible
0.17653263,0.38541183,0,0,edible,edible
0.5989879,0.40116245,1,0,poisonous,edible
0.28591132,0.4187969,0,0,edible,edible
0.063924424,0.3834051,0,0,edible,edible
0.81831455,0.36377853,1,0,poisonous,edible
0.43607354,0.38035348,0,0,edible,edible
0.2771462,0.38089457,0,0,edible,edible
0.2988812,0.46079487,0,0,edible,edible
0.9583061,0.38446316,1,0,poisonous,edible
0.21497011,0.6319667,0,1,edible,poisonous
0.20685077,0.38457352,0,0,edible,edible
0.99766326,0.3622824,1,0,poisonous,edible
0.3909043,0.34037623,0,0,edible,edible
0.27399132,0.50486475,0,1,edible,poisonous
0.9581251,0.36707076,1,0,poisonous,edible
0.99944705,0.39186108,1,0,poisonous,edible
0.35804144,0.39269158,0,0,edible,edible
0.73415416,0.32930586,1,0,poisonous,edible
0.5406975,0.32067105,1,0,poisonous,edible
0.33370948,0.5263994,0,1,edible,poisonous
0.9613447,0.3709469,1,0,poisonous,edible
0.1784363,0.3600156,0,0,edible,edible
0.2714098,0.38335,0,0,edible,edible
0.06459107,0.48586923,0,0,edible,edible
0.5692709,0.42430997,1,0,poisonous,edible
0.6334046,0.38816977,1,0,poisonous,edible
0.1742401,0.53206205,0,1,edible,poisonous
0.24262492,0.3099932,0,0,edible,edible
0.24113876,0.55593354,0,1,edible,poisonous
0.25755876,0.4495835,0,0,edible,edible
0.30109328,0.3417628,0,0,edible,edible
0.45093858,0.36801687,0,0,edible,edible
0.12819056,0.31647128,0,0,edible,edible
0.32104516,0.38106787,0,0,edible,edible
0.4991375,0.29972377,0,0,edible,edible
0.13359258,0.37396747,0,0,edible,edible
0.8223392,0.47770518,1,0,poisonous,edible
0.53958815,0.4290303,1,0,poisonous,edible
0.5000035,0.41061217,1,0,poisonous,edible
0.4878201,0.33624932,0,0,edible,edible
0.14714378,0.38554266,0,0,edible,edible
0.719505,0.5466611,1,1,poisonous,poisonous
0.54490614,0.48738134,1,0,poisonous,edible
0.30374417,0.46399236,0,0,edible,edible
0.7220061,0.38450608,1,0,poisonous,edible
0.23317467,0.35986263,0,0,edible,edible
0.24791978,0.3401668,0,0,edible,edible
0.33030125,0.32708558,0,0,edible,edible
0.0003323016,0.5437874,0,1,edible,poisonous
0.1655043,0.42210656,0,0,edible,edible
0.46981847,0.431219,0,0,edible,edible
0.22720408,0.3665167,0,0,edible,edible
0.7266824,0.447523,1,0,poisonous,edible
0.034275826,0.3230203,0,0,edible,edible
0.7260902,0.4567939,1,0,poisonous,edible
0.5491055,0.35205135,1,0,poisonous,edible
0.83313245,0.4535288,1,0,poisonous,edible
0.3783051,0.43393826,0,0,edible,edible
0.2965474,0.3015582,0,0,edible,edible
0.1077478,0.62076664,0,1,edible,poisonous
0.9661552,0.37137312,1,0,poisonous,edible
0.5198738,0.37844694,1,0,poisonous,edible
0.1222218,0.36628127,0,0,edible,edible
0.083171725,0.33143532,0,0,edible,edible
0.4800891,0.35460314,0,0,edible,edible
0.5151401,0.38928938,1,0,poisonous,edible
0.43570846,0.5088642,0,1,edible,poisonous
0.8255071,0.4011341,1,0,poisonous,edible
0.49738353,0.3591404,0,0,edible,edible
0.69895303,0.33260491,1,0,poisonous,edible
0.015624534,0.39072174,0,0,edible,edible
0.62844056,0.32774258,1,0,poisonous,edible
0.965133,0.3800513,1,0,poisonous,edible
0.8336874,0.41242763,1,0,poisonous,edible
0.77178156,0.46637577,1,0,poisonous,edible
0.5145337,0.40209576,1,0,poisonous,edible
0.04258414,0.3773143,0,0,edible,edible
0.5172496,0.47452477,1,0,poisonous,edible
0.43692172,0.32720622,0,0,edible,edible
0.79810596,0.39090213,1,0,poisonous,edible
0.38120472,0.37466913,0,0,edible,edible
0.78710306,0.4626138,1,0,poisonous,edible
0.4213906,0.39911515,0,0,edible,edible
0.9100052,0.4163094,1,0,poisonous,edible
0.6765342,0.3077097,1,0,poisonous,edible
0.61698025,0.43342826,1,0,poisonous,edible
0.54106164,0.3711886,1,0,poisonous,edible
0.50643176,0.37446377,1,0,poisonous,edible
0.08280757,0.44113111,0,0,edible,edible
0.22971863,0.3440592,0,0,edible,edible
0.36322024,0.3503694,0,0,edible,edible
0.15078679,0.37906903,0,0,edible,edible
0.6183708,0.31063795,1,0,poisonous,edible
0.2917185,0.31971022,0,0,edible,edible
0.3640946,0.44313362,0,0,edible,edible
0.007956814,0.41338956,0,0,edible,edible
0.14971529,0.61566,0,1,edible,poisonous
0.36275175,0.30686143,0,0,edible,edible
0.57519907,0.38690183,1,0,poisonous,edible
0.5223964,0.4872154,1,0,poisonous,edible
0.71115375,0.4917225,1,0,poisonous,edible
0.19406117,0.40561393,0,0,edible,edible
0.16647626,0.32112542,0,0,edible,edible
0.93787,0.41738525,1,0,poisonous,edible
0.1642261,0.38436046,0,0,edible,edible
0.6913104,0.38741878,1,0,poisonous,edible
0.17685609,0.3453694,0,0,edible,edible
0.70919716,0.42457756,1,0,poisonous,edible
0.4391318,0.3571713,0,0,edible,edible
0.282605,0.27528596,0,0,edible,edible
0.13550518,0.3681927,0,0,edible,edible
0.407966,0.4823209,0,0,edible,edible
0.50660396,0.38382527,1,0,poisonous,edible
0.85631555,0.37203303,1,0,poisonous,edible
0.010921359,0.39591244,0,0,edible,edible
0.40134,0.46825922,0,0,edible,edible
0.82458043,0.4034833,1,0,poisonous,edible
0.66042185,0.5318664,1,1,poisonous,poisonous
0.49702817,0.44820976,0,0,edible,edible
0.6495255,0.42553157,1,0,poisonous,edible
0.095084004,0.4589668,0,0,edible,edible
0.89548415,0.34740725,1,0,poisonous,edible
0.8367454,0.31204227,1,0,poisonous,edible
0.15276234,0.5463978,0,1,edible,poisonous
0.33002666,0.45451558,0,0,edible,edible
0.75703907,0.359892,1,0,poisonous,edible
0.1756491,0.36848736,0,0,edible,edible
0.13000928,0.48185036,0,0,edible,edible
0.1406636,0.4237224,0,0,edible,edible
0.05619405,0.43125182,0,0,edible,edible
0.5480361,0.38025516,1,0,poisonous,edible
0.2636955,0.42491037,0,0,edible,edible
0.8428329,0.34120017,1,0,poisonous,edible
0.49892363,0.48653263,0,0,edible,edible
0.789669,0.36401552,1,0,poisonous,edible
0.004694354,0.36763865,0,0,edible,edible
0.015855543,0.38394377,0,0,edible,edible
0.44963646,0.39467064,0,0,edible,edible
0.74462837,0.41610968,1,0,poisonous,edible
0.48860356,0.46397832,0,0,edible,edible
0.3478021,0.4116891,0,0,edible,edible
0.8142291,0.36445832,1,0,poisonous,edible
0.51644254,0.37182632,1,0,poisonous,edible
0.020329168,0.34681872,0,0,edible,edible
0.85995495,0.3062744,1,0,poisonous,edible
0.46548733,0.49577722,0,0,edible,edible
0.9434363,0.33426178,1,0,poisonous,edible
0.056870446,0.4967896,0,0,edible,edible
0.28497866,0.599129,0,1,edible,poisonous
0.5413571,0.41996166,1,0,poisonous,edible
0.35251087,0.35628426,0,0,edible,edible
0.93130714,0.31303877,1,0,poisonous,edible
0.8506484,0.3605531,1,0,poisonous,edible
0.29547817,0.5439637,0,1,edible,poisonous
0.49681383,0.38572794,0,0,edible,edible
0.37264857,0.46939257,0,0,edible,edible
0.4772125,0.4181842,0,0,edible,edible
0.97083837,0.4081408,1,0,poisonous,edible
0.26228335,0.34878474,0,0,edible,edible
0.7609195,0.39770937,1,0,poisonous,edible
0.09742469,0.5118928,0,1,edible,poisonous
0.46036685,0.51161766,0,1,edible,poisonous
0.10884018,0.5838282,0,1,edible,poisonous
0.6447259,0.54347086,1,1,poisonous,poisonous
0.12990052,0.4613227,0,0,edible,edible
0.4551643,0.46750703,0,0,edible,edible
0.46190187,0.36711216,0,0,edible,edible
0.09025552,0.38588363,0,0,edible,edible
0.5903876,0.38004038,1,0,poisonous,edible
0.39646918,0.3343805,0,0,edible,edible
0.19504802,0.40064824,0,0,edible,edible
0.38880002,0.5602158,0,1,edible,poisonous
0.9868973,0.30930266,1,0,poisonous,edible
0.0030152176,0.39053664,0,0,edible,edible
0.18854333,0.3599965,0,0,edible,edible
0.65088016,0.37859932,1,0,poisonous,edible
0.5331527,0.38552687,1,0,poisonous,edible
0.57957906,0.47988215,1,0,poisonous,edible
0.26467833,0.59290224,0,1,edible,poisonous
0.9680514,0.3599156,1,0,poisonous,edible
0.28142875,0.3403605,0,0,edible,edible
0.3250348,0.34636688,0,0,edible,edible
0.99439317,0.36305013,1,0,poisonous,edible
0.30629563,0.3850982,0,0,edible,edible
0.84458023,0.3394748,1,0,poisonous,edible
0.4885101,0.32128483,0,0,edible,edible
0.67139435,0.487252,1,0,poisonous,edible
0.5007785,0.5627531,1,1,poisonous,poisonous
0.32434595,0.40824014,0,0,edible,edible
0.6844402,0.4143727,1,0,poisonous,edible
0.6441968,0.5959866,1,1,poisonous,poisonous
0.45177278,0.65998834,0,1,edible,poisonous
0.552311,0.37492102,1,0,poisonous,edible
0.19181551,0.47015166,0,0,edible,edible
0.24503209,0.30801237,0,0,edible,edible
0.21296419,0.3231109,0,0,edible,edible
0.15690836,0.369197,0,0,edible,edible
0.3342952,0.5205687,0,1,edible,poisonous
0.9797582,0.33664864,1,0,poisonous,edible
0.028992373,0.40556705,0,0,edible,edible
0.54177994,0.41962346,1,0,poisonous,edible
0.66197735,0.39657846,1,0,poisonous,edible
0.06969206,0.47187558,0,0,edible,edible
0.19897003,0.4356145,0,0,edible,edible
0.50569814,0.35745087,1,0,poisonous,edible
0.50211895,0.40007165,1,0,poisonous,edible
0.5005446,0.29803604,1,0,poisonous,edible
0.36117417,0.3785935,0,0,edible,edible
0.68984216,0.36244896,1,0,poisonous,edible
0.5952951,0.33645734,1,0,poisonous,edible
0.37477204,0.48872432,0,0,edible,edible
0.35056472,0.3712792,0,0,edible,edible
0.052317176,0.37205362,0,0,edible,edible
0.47653618,0.47140417,0,0,edible,edible
0.47283167,0.43026993,0,0,edible,edible
0.7949225,0.3531346,1,0,poisonous,edible
0.5100492,0.4147631,1,0,poisonous,edible
0.2885691,0.28835166,0,0,edible,edible
0.55141294,0.42715505,1,0,poisonous,edible
0.4697611,0.4983237,0,0,edible,edible
0.4060268,0.40604228,0,0,edible,edible
0.7328361,0.41341218,1,0,poisonous,edible
0.0679621,0.56974244,0,1,edible,poisonous
0.337774,0.3973747,0,0,edible,edible
0.44338608,0.31532136,0,0,edible,edible
0.47396696,0.471871,0,0,edible,edible
0.4832678,0.5015669,0,1,edible,poisonous
0.37045947,0.39180684,0,0,edible,edible
0.7546515,0.39050183,1,0,poisonous,edible
0.31594077,0.40675712,0,0,edible,edible
0.49977288,0.5759683,0,1,edible,poisonous
0.8686156,0.4111536,1,0,poisonous,edible
0.5289956,0.3195088,1,0,poisonous,edible
0.14631028,0.38330957,0,0,edible,edible
0.63894624,0.63055146,1,1,poisonous,poisonous
0.9474924,0.40283257,1,0,poisonous,edible
0.3445296,0.60069925,0,1,edible,poisonous
0.607265,0.3734096,1,0,poisonous,edible
0.9178171,0.37411875,1,0,poisonous,edible
0.06818932,0.39788792,0,0,edible,edible
0.63160783,0.34538344,1,0,poisonous,edible
0.7408965,0.41352433,1,0,poisonous,edible
0.02162025,0.35336238,0,0,edible,edible
0.48745877,0.34838465,0,0,edible,edible
0.9857071,0.36493993,1,0,poisonous,edible
0.40366328,0.29076827,0,0,edible,edible
0.6590941,0.3453012,1,0,poisonous,edible
0.68441033,0.4350811,1,0,poisonous,edible
0.28484976,0.42268366,0,0,edible,edible
0.39090112,0.474088,0,0,edible,edible
0.39472932,0.4208862,0,0,edible,edible
0.3997076,0.28257266,0,0,edible,edible
0.3950746,0.36355063,0,0,edible,edible
0.28629065,0.44490618,0,0,edible,edible
0.8000353,0.4203267,1,0,poisonous,edible
0.7829262,0.48281625,1,0,poisonous,edible
0.8184273,0.3431318,1,0,poisonous,edible
0.30466992,0.32639658,0,0,edible,edible
0.22209091,0.37462196,0,0,edible,edible
0.19944446,0.3565968,0,0,edible,edible
0.51704234,0.43174347,1,0,poisonous,edible
0.24268952,0.31752676,0,0,edible,edible
0.19545467,0.33928007,0,0,edible,edible
0.66975284,0.3917386,1,0,poisonous,edible
0.5136649,0.35419667,1,0,poisonous,edible
0.3912766,0.4223301,0,0,edible,edible
0.791302,0.3783709,1,0,poisonous,edible
0.284056,0.32554576,0,0,edible,edible
0.33284977,0.4091607,0,0,edible,edible
0.04758702,0.36972883,0,0,edible,edible
0.28075445,0.4033343,0,0,edible,edible
0.9178984,0.37937203,1,0,poisonous,edible
0.51219815,0.38923308,1,0,poisonous,edible
0.9924958,0.43119323,1,0,poisonous,edible
0.9408764,0.44861686,1,0,poisonous,edible
0.37932244,0.5434641,0,1,edible,poisonous
0.9853444,0.31849554,1,0,poisonous,edible
0.82954377,0.42678854,1,0,poisonous,edible
0.38109317,0.49104083,0,0,edible,edible
0.9646948,0.39441538,1,0,poisonous,edible
0.21323161,0.41393557,0,0,edible,edible
0.3759295,0.4251487,0,0,edible,edible
0.49063775,0.4090321,0,0,edible,edible
0.26932636,0.3641354,0,0,edible,edible
0.90766996,0.34385338,1,0,poisonous,edible
0.38330895,0.43756002,0,0,edible,edible
0.5312121,0.3801151,1,0,poisonous,edible
0.42640072,0.30892956,0,0,edible,edible
0.659275,0.41861796,1,0,poisonous,edible
0.3151563,0.3982667,0,0,edible,edible
0.26696485,0.3522128,0,0,edible,edible
0.9148148,0.42153534,1,0,poisonous,edible
0.23425904,0.39578357,0,0,edible,edible
0.34690928,0.3507868,0,0,edible,edible
0.028749447,0.39507064,0,0,edible,edible
0.56345934,0.34202036,1,0,poisonous,edible
0.32889304,0.4000863,0,0,edible,edible
0.48089767,0.28661862,0,0,edible,edible
0.46874613,0.63165873,0,1,edible,poisonous
0.3830969,0.33324808,0,0,edible,edible
0.05371802,0.36204207,0,0,edible,edible
0.22588307,0.42322558,0,0,edible,edible
0.28361553,0.43561932,0,0,edible,edible
0.4678237,0.37302914,0,0,edible,edible
0.4989891,0.40849963,0,0,edible,edible
0.06958212,0.36627388,0,0,edible,edible
0.65705144,0.6295099,1,1,poisonous,poisonous
0.3952376,0.43712392,0,0,edible,edible
0.30556014,0.39919686,0,0,edible,edible
0.2956042,0.3882243,0,0,edible,edible
0.25635266,0.38654888,0,0,edible,edible
0.47145888,0.42244413,0,0,edible,edible
0.28814602,0.44799158,0,0,edible,edible
0.45216477,0.5536673,0,1,edible,poisonous
0.6320703,0.3479427,1,0,poisonous,edible
0.44945922,0.4591389,0,0,edible,edible
0.29539502,0.4303891,0,0,edible,edible
0.07462392,0.349777,0,0,edible,edible
0.0045841923,0.44855163,0,0,edible,edible
0.3332129,0.32412955,0,0,edible,edible
0.042285595,0.37212196,0,0,edible,edible
0.5914701,0.3665402,1,0,poisonous,edible
0.44852376,0.49759096,0,0,edible,edible
0.8451924,0.4162559,1,0,poisonous,edible
0.30759865,0.630715,0,1,edible,poisonous
0.15135193,0.41059145,0,0,edible,edible
0.08969081,0.3456466,0,0,edible,edible
0.21512769,0.44350344,0,0,edible,edible
0.20409,0.37595835,0,0,edible,edible
0.18204407,0.44135633,0,0,edible,edible
0.7320499,0.37669867,1,0,poisonous,edible
0.41830298,0.50176275,0,1,edible,poisonous
0.9801384,0.43940136,1,0,poisonous,edible
0.7144187,0.3442627,1,0,poisonous,edible
0.36435834,0.40275377,0,0,edible,edible
0.7655495,0.39593315,1,0,poisonous,edible
0.10676642,0.36338103,0,0,edible,edible
0.35067225,0.394914,0,0,edible,edible
0.55212796,0.3761105,1,0,poisonous,edible
0.5519089,0.58479613,1,1,poisonous,poisonous
0.42889127,0.4317943,0,0,edible,edible
0.8921722,0.3414292,1,0,poisonous,edible
0.801698,0.51593405,1,1,poisonous,poisonous
0.48919448,0.3827255,0,0,edible,edible
0.5516602,0.46292633,1,0,poisonous,edible
0.67613256,0.422179,1,0,poisonous,edible
0.9260605,0.43044564,1,0,poisonous,edible
0.9438188,0.4422232,1,0,poisonous,edible
0.27893215,0.41014743,0,0,edible,edible
0.5566474,0.3564268,1,0,poisonous,edible
0.55942404,0.58142406,1,1,poisonous,poisonous
0.8283056,0.40540698,1,0,poisonous,edible
0.48183724,0.30607498,0,0,edible,edible
0.74148774,0.38032445,1,0,poisonous,edible
0.10790018,0.33753565,0,0,edible,edible
0.12260495,0.47385693,0,0,edible,edible
0.34383342,0.38039038,0,0,edible,edible
0.7189552,0.34762198,1,0,poisonous,edible
0.40346456,0.38539732,0,0,edible,edible
0.5506792,0.3611564,1,0,poisonous,edible
0.6062878,0.48418486,1,0,poisonous,edible
0.31556198,0.46519837,0,0,edible,edible
0.10376195,0.5093425,0,1,edible,poisonous
0.53972715,0.3964939,1,0,poisonous,edible
0.8456896,0.4255422,1,0,poisonous,edible
0.49975345,0.6179351,0,1,edible,poisonous
0.44777372,0.43682978,0,0,edible,edible
0.4358377,0.3495215,0,0,edible,edible
0.29045367,0.36309567,0,0,edible,edible
0.21432108,0.39319023,0,0,edible,edible
0.8909381,0.33970737,1,0,poisonous,edible
0.19121975,0.39375368,0,0,edible,edible
0.50468135,0.5127176,1,1,poisonous,poisonous
0.4874673,0.34046343,0,0,edible,edible
0.46108183,0.39282846,0,0,edible,edible
0.074742965,0.3889717,0,0,edible,edible
0.7222395,0.38436046,1,0,poisonous,edible
0.43639305,0.4120404,0,0,edible,edible
0.24652323,0.3576285,0,0,edible,edible
0.32291496,0.33885476,0,0,edible,edible
0.08299671,0.500804,0,1,edible,poisonous
0.4576291,0.33786842,0,0,edible,edible
0.75042313,0.5051918,1,1,poisonous,poisonous
0.1317021,0.42105874,0,0,edible,edible
0.3637861,0.3637537,0,0,edible,edible
0.48027393,0.41526383,0,0,edible,edible
0.89274013,0.39995137,1,0,poisonous,edible
0.72649777,0.33731043,1,0,poisonous,edible
0.6434684,0.50347424,1,1,poisonous,poisonous
0.47007906,0.49009076,0,0,edible,edible
0.9392218,0.47039402,1,0,poisonous,edible
0.68898696,0.46782628,1,0,poisonous,edible
0.6854297,0.4328643,1,0,poisonous,edible
0.52287644,0.37977892,1,0,poisonous,edible
0.40435064,0.61559904,0,1,edible,poisonous
0.38325572,0.41836163,0,0,edible,edible
0.04977249,0.35412738,0,0,edible,edible
0.60096365,0.5691182,1,1,poisonous,poisonous
0.17467366,0.37492782,0,0,edible,edible
0.69505364,0.43362674,1,0,poisonous,edible
0.85402906,0.55659896,1,1,poisonous,poisonous
0.5647145,0.40180442,1,0,poisonous,edible
0.5116884,0.6272428,1,1,poisonous,poisonous
0.81967264,0.37689665,1,0,poisonous,edible
0.3666559,0.3993664,0,0,edible,edible
0.55503875,0.36778247,1,0,poisonous,edible
0.053081106,0.32094678,0,0,edible,edible
0.7805301,0.3538956,1,0,poisonous,edible
0.6169581,0.4652701,1,0,poisonous,edible
0.49703985,0.4015633,0,0,edible,edible
0.9496282,0.34645838,1,0,poisonous,edible
0.4067916,0.374249,0,0,edible,edible
0.3120255,0.44808206,0,0,edible,edible
0.7847465,0.48090115,1,0,poisonous,edible
0.61483717,0.32358462,1,0,poisonous,edible
0.20996645,0.43887496,0,0,edible,edible
0.31990218,0.29580086,0,0,edible,edible
0.9303477,0.34975728,1,0,poisonous,edible
0.84756696,0.46102852,1,0,poisonous,edible
0.3756116,0.45398992,0,0,edible,edible
0.15269785,0.43992132,0,0,edible,edible
0.21433255,0.44337615,0,0,edible,edible
0.6896264,0.49969593,1,0,poisonous,edible
0.08575877,0.50493795,0,1,edible,poisonous
0.17582674,0.4153737,0,0,edible,edible
0.5692637,0.36045486,1,0,poisonous,edible
0.98395884,0.56342256,1,1,poisonous,poisonous
0.38943475,0.34205964,0,0,edible,edible
0.5722404,0.387858,1,0,poisonous,edible
0.8842661,0.44666937,1,0,poisonous,edible
0.41409174,0.49169996,0,0,edible,edible
0.32779074,0.42731062,0,0,edible,edible
0.08357907,0.44853252,0,0,edible,edible
0.79935837,0.36461982,1,0,poisonous,edible
0.023792762,0.40933555,0,0,edible,edible
0.76132625,0.37145054,1,0,poisonous,edible
0.38879597,0.38794836,0,0,edible,edible
0.54055554,0.55262184,1,1,poisonous,poisonous
0.0102823125,0.56719583,0,1,edible,poisonous
0.6535864,0.37388256,1,0,poisonous,edible
0.5533311,0.345961,1,0,poisonous,edible
0.5600408,0.4044864,1,0,poisonous,edible
0.34115484,0.3291603,0,0,edible,edible
0.80783314,0.35471076,1,0,poisonous,edible
0.6401621,0.44057602,1,0,poisonous,edible
0.6072103,0.38256413,1,0,poisonous,edible
0.074920125,0.34839645,0,0,edible,edible
0.6497089,0.38029048,1,0,poisonous,edible
0.04842552,0.3823952,0,0,edible,edible
0.028617077,0.36317208,0,0,edible,edible
0.23510633,0.45752415,0,0,edible,edible
0.41482434,0.5912799,0,1,edible,poisonous
0.8695969,0.41246954,1,0,poisonous,edible
0.1716436,0.5173177,0,1,edible,poisonous
0.51292145,0.365667,1,0,poisonous,edible
0.5231062,0.3510735,1,0,poisonous,edible
0.02762411,0.34281617,0,0,edible,edible
0.95861596,0.37217516,1,0,poisonous,edible
0.4344067,0.36825293,0,0,edible,edible
0.53415745,0.36837015,1,0,poisonous,edible
0.009123218,0.3576384,0,0,edible,edible
0.6376612,0.42979577,1,0,poisonous,edible
0.3631956,0.35533503,0,0,edible,edible
0.25614396,0.4391146,0,0,edible,edible
0.55467045,0.33750886,1,0,poisonous,edible
0.52906626,0.4151809,1,0,poisonous,edible
0.7445492,0.42797145,1,0,poisonous,edible
0.8268545,0.3963126,1,0,poisonous,edible
0.43861005,0.39461085,0,0,edible,edible
0.91862446,0.3721433,1,0,poisonous,edible
0.6551588,0.42912918,1,0,poisonous,edible
0.19594498,0.37861922,0,0,edible,edible
0.29844916,0.4054261,0,0,edible,edible
0.6475209,0.3527196,1,0,poisonous,edible
0.90297157,0.3696802,1,0,poisonous,edible
0.11043496,0.37606594,0,0,edible,edible
0.77335185,0.40512025,1,0,poisonous,edible
0.06972154,0.368107,0,0,edible,edible
0.64234483,0.48856163,1,0,poisonous,edible
0.16699535,0.40435624,0,0,edible,edible
0.87311685,0.38891727,1,0,poisonous,edible
0.9398681,0.42325443,1,0,poisonous,edible
0.60611695,0.457171,1,0,poisonous,edible
0.72821087,0.3359185,1,0,poisonous,edible
0.36344278,0.38007766,0,0,edible,edible
0.7706882,0.30737895,1,0,poisonous,edible
0.43500155,0.45617926,0,0,edible,edible
0.65976787,0.3578397,1,0,poisonous,edible
0.48718706,0.44002485,0,0,edible,edible
0.116033964,0.3817337,0,0,edible,edible
0.31346786,0.34802786,0,0,edible,edible
0.27114782,0.54365337,0,1,edible,poisonous
0.38353664,0.3650013,0,0,edible,edible
0.6928621,0.5367898,1,1,poisonous,poisonous
0.2384041,0.503314,0,1,edible,poisonous
0.81000775,0.4011016,1,0,poisonous,edible
0.6179908,0.4159291,1,0,poisonous,edible
0.4196799,0.4069009,0,0,edible,edible
0.16711979,0.34151077,0,0,edible,edible
0.0730707,0.34298798,0,0,edible,edible
0.59651446,0.43942443,1,0,poisonous,edible
0.3645234,0.47895515,0,0,edible,edible
0.28934497,0.3410984,0,0,edible,edible
0.8437996,0.32714608,1,0,poisonous,edible
0.80762875,0.34054142,1,0,poisonous,edible
0.5039928,0.45737708,1,0,poisonous,edible
0.18332672,0.34734195,0,0,edible,edible
0.23867613,0.34967974,0,0,edible,edible
0.5277541,0.40384176,1,0,poisonous,edible
0.6366254,0.47427368,1,0,poisonous,edible
0.48467034,0.3275083,0,0,edible,edible
0.9455971,0.3222957,1,0,poisonous,edible
0.7143599,0.42414346,1,0,poisonous,edible
0.42247865,0.36865845,0,0,edible,edible
0.96262807,0.37707415,1,0,poisonous,edible
0.2499552,0.34204215,0,0,edible,edible
0.3752642,0.42015117,0,0,edible,edible
0.23314251,0.39983144,0,0,edible,edible
0.019145552,0.3555875,0,0,edible,edible
0.68415546,0.4020874,1,0,poisonous,edible
0.29665035,0.35513756,0,0,edible,edible
0.8202757,0.36425862,1,0,poisonous,edible
0.6767209,0.55277103,1,1,poisonous,poisonous
0.5868513,0.46436447,1,0,poisonous,edible
0.29724988,0.41915286,0,0,edible,edible
0.7986526,0.36744437,1,0,poisonous,edible
0.71635705,0.46994242,1,0,poisonous,edible
0.15201767,0.45644477,0,0,edible,edible
0.5795492,0.36776042,1,0,poisonous,edible
0.6273653,0.35708773,1,0,poisonous,edible
0.81096995,0.3708827,1,0,poisonous,edible
0.70822257,0.3856279,1,0,poisonous,edible
0.31518444,0.44424263,0,0,edible,edible
0.2832072,0.45801347,0,0,edible,edible
0.39438576,0.51288474,0,1,edible,poisonous
0.8427465,0.46794644,1,0,poisonous,edible
0.28519928,0.63915926,0,1,edible,poisonous
0.25563395,0.4402313,0,0,edible,edible
0.3917115,0.33278954,0,0,edible,edible
0.6945619,0.45253178,1,0,poisonous,edible
0.9304597,0.37448278,1,0,poisonous,edible
0.263147,0.34189752,0,0,edible,edible
0.25661215,0.3802046,0,0,edible,edible
0.94140095,0.49008712,1,0,poisonous,edible
0.7149177,0.36073962,1,0,poisonous,edible
0.66446495,0.4958406,1,0,poisonous,edible
0.4702867,0.4403285,0,0,edible,edible
0.7962727,0.487548,1,0,poisonous,edible
0.35533997,0.35840055,0,0,edible,edible
0.8598851,0.45301697,1,0,poisonous,edible
0.5243246,0.37533575,1,0,poisonous,edible
0.598105,0.48705748,1,0,poisonous,edible
0.853282,0.35219562,1,0,poisonous,edible
0.40331006,0.48621672,0,0,edible,edible
0.5200381,0.33667308,1,0,poisonous,edible
0.32799438,0.34554833,0,0,edible,edible
0.29160008,0.45381525,0,0,edible,edible
0.050614428,0.41076323,0,0,edible,edible
0.62364876,0.43916613,1,0,poisonous,edible
0.5777618,0.34842452,1,0,poisonous,edible
0.40716508,0.33786222,0,0,edible,edible
0.90583986,0.34206197,1,0,poisonous,edible
0.44026282,0.33788052,0,0,edible,edible
0.001926511,0.3810906,0,0,edible,edible
0.3719705,0.387208,0,0,edible,edible
0.35571995,0.46806616,0,0,edible,edible
0.7043023,0.57194066,1,1,poisonous,poisonous
0.79403794,0.3628979,1,0,poisonous,edible
0.7552646,0.41477096,1,0,poisonous,edible
0.08423204,0.4366706,0,0,edible,edible
0.37503707,0.41671118,0,0,edible,edible
0.3868288,0.4394557,0,0,edible,edible
0.46084863,0.35085213,0,0,edible,edible
0.41286397,0.46459153,0,0,edible,edible
0.40710837,0.46238196,0,0,edible,edible
0.6370889,0.352254,1,0,poisonous,edible
0.122423366,0.3448391,0,0,edible,edible
0.45267949,0.41541234,0,0,edible,edible
0.8072136,0.40988922,1,0,poisonous,edible
0.24567421,0.34042558,0,0,edible,edible
0.029900128,0.5447527,0,1,edible,poisonous
0.089464664,0.60401624,0,1,edible,poisonous
0.7322672,0.3362681,1,0,poisonous,edible
0.33561158,0.34399408,0,0,edible,edible
0.030009545,0.40697733,0,0,edible,edible
0.57222563,0.4547808,1,0,poisonous,edible
0.801047,0.42791387,1,0,poisonous,edible
0.75564843,0.3476264,1,0,poisonous,edible
0.16088338,0.41111934,0,0,edible,edible
0.23137555,0.42501542,0,0,edible,edible
0.1916933,0.39822558,0,0,edible,edible
0.5946038,0.3735577,1,0,poisonous,edible
0.8427176,0.38942719,1,0,poisonous,edible
0.96813846,0.3469079,1,0,poisonous,edible
0.38656273,0.3688718,0,0,edible,edible
0.93502957,0.42370737,1,0,poisonous,edible
0.5276508,0.29828614,1,0,poisonous,edible
0.65221643,0.34577307,1,0,poisonous,edible
0.24828854,0.42804074,0,0,edible,edible
0.37541854,0.44181016,0,0,edible,edible
0.8882874,0.44674718,1,0,poisonous,edible
0.76577103,0.37795743,1,0,poisonous,edible
0.41306022,0.33539915,0,0,edible,edible
0.33755606,0.38857144,0,0,edible,edible
0.26646364,0.4997226,0,0,edible,edible
0.9483683,0.3451537,1,0,poisonous,edible
0.76849824,0.38920325,1,0,poisonous,edible
0.11844567,0.43755966,0,0,edible,edible
0.6729278,0.3909793,1,0,poisonous,edible
0.6455172,0.4934482,1,0,poisonous,edible
0.4582631,0.3500609,0,0,edible,edible
0.48236847,0.4574742,0,0,edible,edible
0.44209942,0.44405386,0,0,edible,edible
0.6359434,0.35866725,1,0,poisonous,edible
0.34884116,0.43994892,0,0,edible,edible
0.17487386,0.45126027,0,0,edible,edible
0.6851931,0.3719881,1,0,poisonous,edible
0.18185972,0.57428837,0,1,edible,poisonous
0.010186029,0.45470828,0,0,edible,edible
0.42979345,0.45567942,0,0,edible,edible
0.270926,0.45245656,0,0,edible,edible
0.90673405,0.45474473,1,0,poisonous,edible
0.11494194,0.29753497,0,0,edible,edible
0.7866872,0.37853435,1,0,poisonous,edible
0.16042343,0.51597005,0,1,edible,poisonous
0.75301784,0.36230612,1,0,poisonous,edible
0.641103,0.37906626,1,0,poisonous,edible
0.30205384,0.4115408,0,0,edible,edible
0.67322177,0.3949291,1,0,poisonous,edible
0.9452557,0.41020146,1,0,poisonous,edible
0.6590061,0.42881122,1,0,poisonous,edible
0.9674049,0.44632417,1,0,poisonous,edible
0.6791916,0.41351467,1,0,poisonous,edible
0.23576468,0.49368298,0,0,edible,edible
0.9650104,0.41765994,1,0,poisonous,edible
0.84887266,0.32727125,1,0,poisonous,edible
0.008311879,0.3147299,0,0,edible,edible
0.80715835,0.3422194,1,0,poisonous,edible
0.29933622,0.4055755,0,0,edible,edible
0.40161398,0.48290923,0,0,edible,edible
0.08120415,0.3981635,0,0,edible,edible
0.4306244,0.3968368,0,0,edible,edible
0.35430437,0.35745087,0,0,edible,edible
0.7352346,0.3909325,1,0,poisonous,edible
0.49666134,0.34295207,0,0,edible,edible
0.89397454,0.6582846,1,1,poisonous,poisonous
0.33713403,0.38105747,0,0,edible,edible
0.51365954,0.42839485,1,0,poisonous,edible
0.73146814,0.39334023,1,0,poisonous,edible
0.48461992,0.39118186,0,0,edible,edible
0.38219246,0.46314225,0,0,edible,edible
0.15361673,0.3661144,0,0,edible,edible
0.537064,0.42376408,1,0,poisonous,edible
0.8677928,0.4185241,1,0,poisonous,edible
0.60478157,0.38323158,1,0,poisonous,edible
0.31200376,0.40428436,0,0,edible,edible
0.86344045,0.36003646,1,0,poisonous,edible
0.18995048,0.3505986,0,0,edible,edible
0.22458966,0.38364726,0,0,edible,edible
0.23638637,0.49164465,0,0,edible,edible
0.24693856,0.4275506,0,0,edible,edible
0.7906223,0.33805618,1,0,poisonous,edible
0.30313757,0.41014877,0,0,edible,edible
0.34402758,0.362724,0,0,edible,edible
0.53504527,0.38405532,1,0,poisonous,edible
0.68001515,0.28039733,1,0,poisonous,edible
0.19293188,0.37237197,0,0,edible,edible
0.4924685,0.36095458,0,0,edible,edible
0.21192394,0.4042018,0,0,edible,edible
0.43352678,0.3140066,0,0,edible,edible
0.84826076,0.3491776,1,0,poisonous,edible
0.37663662,0.41759592,0,0,edible,edible
0.4215154,0.4294549,0,0,edible,edible
0.22869675,0.49148935,0,0,edible,edible
0.9661896,0.40326577,1,0,poisonous,edible
0.3539037,0.37199384,0,0,edible,edible
0.7638705,0.3982819,1,0,poisonous,edible
0.6115863,0.35732052,1,0,poisonous,edible
0.3452772,0.37665084,0,0,edible,edible
0.7593116,0.44161332,1,0,poisonous,edible
0.7735645,0.33447456,1,0,poisonous,edible
0.41210482,0.5181245,0,1,edible,poisonous
0.11488823,0.38425478,0,0,edible,edible
0.15678199,0.31566674,0,0,edible,edible
0.41137454,0.4754567,0,0,edible,edible
0.3496477,0.4020622,0,0,edible,edible
0.37777665,0.33232254,0,0,edible,edible
0.16896378,0.38279155,0,0,edible,edible
0.8185398,0.356598,1,0,poisonous,edible
0.4566341,0.44906524,0,0,edible,edible
0.89348745,0.40760532,1,0,poisonous,edible
0.7077149,0.4042429,1,0,poisonous,edible
0.19618751,0.45679975,0,0,edible,edible
0.9495371,0.32922316,1,0,poisonous,edible
0.32840285,0.3123174,0,0,edible,edible
0.7479165,0.36909723,1,0,poisonous,edible
0.61296636,0.35483646,1,0,poisonous,edible
0.8456896,0.48738644,1,0,poisonous,edible
0.2969584,0.45036125,0,0,edible,edible
0.69781846,0.46061063,1,0,poisonous,edible
0.21746945,0.32734102,0,0,edible,edible
0.6307321,0.35881063,1,0,poisonous,edible
0.48734435,0.4352463,0,0,edible,edible
0.7989473,0.4049968,1,0,poisonous,edible
0.91686076,0.33300075,1,0,poisonous,edible
0.09172535,0.369643,0,0,edible,edible
0.941429,0.42709082,1,0,poisonous,edible
0.6575929,0.35606763,1,0,poisonous,edible
0.27408051,0.44894668,0,0,edible,edible
0.20900969,0.44669098,0,0,edible,edible
0.80593884,0.36328003,1,0,poisonous,edible
0.5746145,0.37196365,1,0,poisonous,edible
0.5432399,0.45976463,1,0,poisonous,edible
0.63828385,0.45465583,1,0,poisonous,edible
0.58068866,0.40890634,1,0,poisonous,edible
0.26190147,0.33374596,0,0,edible,edible
0.96083444,0.435991,1,0,poisonous,edible
0.7761587,0.3427721,1,0,poisonous,edible
0.5221534,0.3558652,1,0,poisonous,edible
0.8244077,0.46427053,1,0,poisonous,edible
0.89562577,0.4464359,1,0,poisonous,edible
0.7134892,0.34382322,1,0,poisonous,edible
0.079157725,0.33663383,0,0,edible,edible
0.040642943,0.34083673,0,0,edible,edible
0.10121817,0.49735445,0,0,edible,edible
0.40326267,0.3693353,0,0,edible,edible
0.012890338,0.4029805,0,0,edible,edible
0.58773184,0.38910514,1,0,poisonous,edible
0.16658205,0.3796846,0,0,edible,edible
0.616023,0.6551599,1,1,poisonous,poisonous
0.20933072,0.4150882,0,0,edible,edible
0.48560184,0.3952562,0,0,edible,edible
0.31323168,0.35254592,0,0,edible,edible
0.36580363,0.378085,0,0,edible,edible
0.25221556,0.42112947,0,0,edible,edible
0.558836,0.43068695,1,0,poisonous,edible
0.61146647,0.33970737,1,0,poisonous,edible
0.5763022,0.38533655,1,0,poisonous,edible
0.5299173,0.45209548,1,0,poisonous,edible
0.6587418,0.45287943,1,0,poisonous,edible
0.74802226,0.36973438,1,0,poisonous,edible
0.96869063,0.46289068,1,0,poisonous,edible
0.72266465,0.48242223,1,0,poisonous,edible
0.23936988,0.5432044,0,1,edible,poisonous
0.5982986,0.35689232,1,0,poisonous,edible
0.7414031,0.34763247,1,0,poisonous,edible
0.89692277,0.45674342,1,0,poisonous,edible
0.41882044,0.3725954,0,0,edible,edible
0.15874432,0.367516,0,0,edible,edible
0.20198521,0.59225523,0,1,edible,poisonous
0.036098216,0.5044916,0,1,edible,poisonous
0.37084538,0.38189238,0,0,edible,edible
0.81912345,0.6439042,1,1,poisonous,poisonous
0.27765694,0.3230368,0,0,edible,edible
0.40539098,0.6407156,0,1,edible,poisonous
0.21479072,0.30683607,0,0,edible,edible
0.0118611315,0.33065554,0,0,edible,edible
0.12518552,0.56917554,0,1,edible,poisonous
0.77028745,0.31440422,1,0,poisonous,edible
0.54446363,0.4676048,1,0,poisonous,edible
0.59166986,0.47149473,1,0,poisonous,edible
0.79898745,0.46453828,1,0,poisonous,edible
0.30478615,0.42404577,0,0,edible,edible
0.9798766,0.35656586,1,0,poisonous,edible
0.95233315,0.36281604,1,0,poisonous,edible
0.9696502,0.3925141,1,0,poisonous,edible
0.7376371,0.34475067,1,0,poisonous,edible
0.8952663,0.3651838,1,0,poisonous,edible
0.17801945,0.3904202,0,0,edible,edible
0.7766517,0.4571921,1,0,poisonous,edible
0.68571407,0.36447504,1,0,poisonous,edible
0.5214811,0.31412417,1,0,poisonous,edible
0.5975111,0.38527122,1,0,poisonous,edible
0.71617067,0.3817083,1,0,poisonous,edible
0.4117355,0.32858336,0,0,edible,edible
0.41439417,0.40901932,0,0,edible,edible
0.11623348,0.53610134,0,1,edible,poisonous
0.9928085,0.34865144,1,0,poisonous,edible
0.57481754,0.4566764,1,0,poisonous,edible
0.0111649,0.3682385,0,0,edible,edible
0.45966345,0.44529966,0,0,edible,edible
0.50924635,0.3888033,1,0,poisonous,edible
0.13008817,0.42426485,0,0,edible,edible
0.5962324,0.41084394,1,0,poisonous,edible
0.54541075,0.44116887,1,0,poisonous,edible
0.39328134,0.33480313,0,0,edible,edible
0.43435326,0.40654466,0,0,edible,edible
0.6100644,0.34336546,1,0,poisonous,edible
0.11349222,0.39673498,0,0,edible,edible
0.35200945,0.44173053,0,0,edible,edible
0.7618783,0.4780598,1,0,poisonous,edible
0.9853444,0.38622597,1,0,poisonous,edible
0.6021627,0.391401,1,0,poisonous,edible
0.84679794,0.55098915,1,1,poisonous,poisonous
0.25041565,0.44284216,0,0,edible,edible
0.9321638,0.43730113,1,0,poisonous,edible
0.9265718,0.36171985,1,0,poisonous,edible
0.7365314,0.42083946,1,0,poisonous,edible
0.65895396,0.42131293,1,0,poisonous,edible
0.99912816,0.503482,1,1,poisonous,poisonous
0.24420099,0.3284831,0,0,edible,edible
0.058575194,0.42473793,0,0,edible,edible
0.1363618,0.31145144,0,0,edible,edible
0.7162629,0.34938234,1,0,poisonous,edible
0.55227894,0.38149717,1,0,poisonous,edible
0.66344064,0.3828178,1,0,poisonous,edible
0.575082,0.3462227,1,0,poisonous,edible
0.31628522,0.37823132,0,0,edible,edible
0.9330814,0.46909344,1,0,poisonous,edible
0.31567043,0.3468878,0,0,edible,edible
0.7925636,0.37264174,1,0,poisonous,edible
0.29687098,0.40809587,0,0,edible,edible
0.4175312,0.3997804,0,0,edible,edible
0.17032021,0.40104622,0,0,edible,edible
0.5496493,0.4206942,1,0,poisonous,edible
0.7876466,0.67310065,1,1,poisonous,poisonous
0.0752479,0.3594083,0,0,edible,edible
0.27065092,0.34118098,0,0,edible,edible
0.5445279,0.42742094,1,0,poisonous,edible
0.80825573,0.4200774,1,0,poisonous,edible
0.28356498,0.30736354,0,0,edible,edible
0.35670692,0.64741135,0,1,edible,poisonous
0.9054128,0.5738114,1,1,poisonous,poisonous
0.53266203,0.45874634,1,0,poisonous,edible
0.24910265,0.43456668,0,0,edible,edible
0.254503,0.32269454,0,0,edible,edible
0.5767019,0.31238818,1,0,poisonous,edible
0.43479106,0.3854909,0,0,edible,edible
0.44475234,0.32220408,0,0,edible,edible
0.27537864,0.3604835,0,0,edible,edible
0.30392724,0.42823502,0,0,edible,edible
0.27620956,0.36658826,0,0,edible,edible
0.88203245,0.34289348,1,0,poisonous,edible
0.6616968,0.35098287,1,0,poisonous,edible
0.40318552,0.37593812,0,0,edible,edible
0.19120379,0.5101972,0,1,edible,poisonous
0.4279594,0.35795498,0,0,edible,edible
0.78001297,0.42766368,1,0,poisonous,edible
0.9647579,0.35607225,1,0,poisonous,edible
0.3002878,0.41009903,0,0,edible,edible
0.9959385,0.41257542,1,0,poisonous,edible
0.5376307,0.43214777,1,0,poisonous,edible
0.4571218,0.32058156,0,0,edible,edible
0.88836426,0.323248,1,0,poisonous,edible
0.8333649,0.3687312,1,0,poisonous,edible
0.48648074,0.48842525,0,0,edible,edible
0.7622129,0.4754699,1,0,poisonous,edible
0.69686794,0.3887315,1,0,poisonous,edible
0.6755882,0.39262047,1,0,poisonous,edible
0.44391084,0.37887207,0,0,edible,edible
0.47333673,0.33053732,0,0,edible,edible
0.30479464,0.3743552,0,0,edible,edible
0.6925703,0.33565006,1,0,poisonous,edible
0.74772024,0.34036058,1,0,poisonous,edible
0.34781995,0.46864182,0,0,edible,edible
0.2323887,0.35618576,0,0,edible,edible
0.6687583,0.42993826,1,0,poisonous,edible
0.42670342,0.3283708,0,0,edible,edible
0.51436394,0.36551794,1,0,poisonous,edible
0.5317222,0.30077264,1,0,poisonous,edible
0.20016365,0.5024626,0,1,edible,poisonous
0.35859796,0.33354926,0,0,edible,edible
0.8253517,0.41130257,1,0,poisonous,edible
0.21397005,0.37708324,0,0,edible,edible
0.53906596,0.32026696,1,0,poisonous,edible
0.1524285,0.3538744,0,0,edible,edible
0.13449869,0.58739364,0,1,edible,poisonous
0.21672353,0.39484298,0,0,edible,edible
0.64141685,0.40299332,1,0,poisonous,edible
0.6948712,0.6474141,1,1,poisonous,poisonous
0.7996833,0.43589884,1,0,poisonous,edible
0.84906757,0.3183579,1,0,poisonous,edible
0.9789048,0.46430534,1,0,poisonous,edible
0.3432775,0.3660798,0,0,edible,edible
0.19445372,0.37864664,0,0,edible,edible
0.35493815,0.54534525,0,1,edible,poisonous
0.44775194,0.32013258,0,0,edible,edible
0.25434506,0.34649435,0,0,edible,edible
0.5087393,0.33937535,1,0,poisonous,edible
0.7207444,0.37849674,1,0,poisonous,edible
0.86599964,0.3231581,1,0,poisonous,edible
0.69495636,0.44184086,1,0,poisonous,edible
0.902155,0.47991762,1,0,poisonous,edible
0.6788114,0.4072055,1,0,poisonous,edible
0.68617463,0.46567795,1,0,poisonous,edible
0.85881937,0.51406544,1,1,poisonous,poisonous
0.10830764,0.34618673,0,0,edible,edible
0.50062627,0.35033834,1,0,poisonous,edible
0.11628091,0.39664996,0,0,edible,edible
0.058626216,0.40399683,0,0,edible,edible
0.13777234,0.36042926,0,0,edible,edible
0.28138968,0.3544394,0,0,edible,edible
0.9310525,0.3724279,1,0,poisonous,edible
0.6785478,0.46151417,1,0,poisonous,edible
0.83694965,0.34941867,1,0,poisonous,edible
0.6013612,0.3807554,1,0,poisonous,edible
0.57874787,0.3158724,1,0,poisonous,edible
0.039080143,0.63521045,0,1,edible,poisonous
0.32053843,0.35763028,0,0,edible,edible
0.50793064,0.4185404,1,0,poisonous,edible
0.6986819,0.4462917,1,0,poisonous,edible
0.696451,0.6869988,1,1,poisonous,poisonous
0.4246078,0.3846726,0,0,edible,edible
